{
  "model": "CHGNet",
  "structure": "LGPS_mp-696128",
  "temperature_K": 600,
  "equilibration_ps": 10,
  "production_ps": 50,
  "timestep_fs": 2.0,
  "traj_interval": 50,
  "num_seeds": 3,
  "seeds": [
    42,
    43,
    44
  ],
  "accuracy": {
    "rdf_mae": {
      "Li-Ge": 0.015325,
      "Li-Li": 0.042853,
      "Li-P": 0.022622,
      "Li-S": 0.076639,
      "average": 0.03936
    },
    "rdf_score": {
      "Li-Ge": 0.984906,
      "Li-Li": 0.958908,
      "Li-P": 0.977878,
      "Li-S": 0.928816,
      "average": 0.962627
    },
    "msd_mae": 49.457666,
    "msd_score": 0.019819,
    "diffusivity_mlip_cm2s": 3.0904233417187774e-05,
    "diffusivity_aimd_cm2s": 2.2067535826699325e-06,
    "diffusivity_relative_error": 13.004388
  }
}