{
  "model": "PET",
  "structure": "LGPS_mp-696128",
  "temperature_K": 300,
  "equilibration_ps": 10,
  "production_ps": 50,
  "timestep_fs": 2.0,
  "traj_interval": 50,
  "num_frames": 501,
  "accuracy": {
    "rdf_mae": {
      "Li-Ge": 0.018398,
      "Li-Li": 0.040629,
      "Li-P": 0.028179,
      "Li-S": 0.079515,
      "average": 0.04168
    },
    "rdf_score": {
      "Li-Ge": 0.981934,
      "Li-Li": 0.960957,
      "Li-P": 0.972593,
      "Li-S": 0.926342,
      "average": 0.960457
    },
    "msd_mae": 1.172913,
    "msd_score": 0.460212,
    "diffusivity_mlip_cm2s": 8.040028172646114e-07,
    "diffusivity_aimd_cm2s": 1.6321971126047837e-07,
    "diffusivity_relative_error": 3.925893
  },
  "timing": {
    "equil_seconds": 523.7,
    "prod_seconds": 2513.24
  }
}