{
  "model": "PET",
  "structure": "LGPS_mp-696128",
  "temperature_K": 600,
  "equilibration_ps": 10,
  "production_ps": 50,
  "timestep_fs": 2.0,
  "traj_interval": 50,
  "num_seeds": 3,
  "seeds": [
    42,
    43,
    44
  ],
  "accuracy": {
    "rdf_mae": {
      "Li-Ge": 0.007006,
      "Li-Li": 0.013211,
      "Li-P": 0.010266,
      "Li-S": 0.030713,
      "average": 0.015299
    },
    "rdf_score": {
      "Li-Ge": 0.993043,
      "Li-Li": 0.986962,
      "Li-P": 0.989838,
      "Li-S": 0.970202,
      "average": 0.985011
    },
    "msd_mae": 20.626155,
    "msd_score": 0.04624,
    "diffusivity_mlip_cm2s": 1.5295328670487187e-05,
    "diffusivity_aimd_cm2s": 2.2067535826699325e-06,
    "diffusivity_relative_error": 5.931145
  },
  "timing": {
    "equil_seconds": 1841.3,
    "prod_seconds": 9340.24
  }
}