{
  "model": "NequIP_OAM",
  "structure": "LGPS_mp-696128",
  "temperature_K": 300,
  "equilibration_ps": 10,
  "production_ps": 50,
  "timestep_fs": 2.0,
  "traj_interval": 50,
  "num_frames": 501,
  "accuracy": {
    "rdf_mae": {
      "Li-Ge": 0.016887,
      "Li-Li": 0.037333,
      "Li-P": 0.027651,
      "Li-S": 0.073945,
      "average": 0.038954
    },
    "rdf_score": {
      "Li-Ge": 0.983393,
      "Li-Li": 0.964011,
      "Li-P": 0.973093,
      "Li-S": 0.931146,
      "average": 0.962911
    },
    "msd_mae": 1.374495,
    "msd_score": 0.421142,
    "diffusivity_mlip_cm2s": 1.0124675883300896e-06,
    "diffusivity_aimd_cm2s": 1.6321971126047837e-07,
    "diffusivity_relative_error": 5.203096
  },
  "timing": {
    "equil_seconds": 323.36,
    "prod_seconds": 1682.79
  }
}