{
  "model": "NequIP_OAM",
  "structure": "LGPS_mp-696128",
  "temperature_K": 600,
  "equilibration_ps": 10,
  "production_ps": 50,
  "timestep_fs": 2.0,
  "traj_interval": 50,
  "num_seeds": 3,
  "seeds": [
    42,
    43,
    44
  ],
  "accuracy": {
    "rdf_mae": {
      "Li-Ge": 0.005068,
      "Li-Li": 0.01453,
      "Li-P": 0.010055,
      "Li-S": 0.026542,
      "average": 0.014049
    },
    "rdf_score": {
      "Li-Ge": 0.994958,
      "Li-Li": 0.985678,
      "Li-P": 0.990045,
      "Li-S": 0.974144,
      "average": 0.986206
    },
    "msd_mae": 16.863,
    "msd_score": 0.055982,
    "diffusivity_mlip_cm2s": 1.4491902440070355e-05,
    "diffusivity_aimd_cm2s": 2.2067535826699325e-06,
    "diffusivity_relative_error": 5.567069
  },
  "timing": {
    "equil_seconds": 189.98,
    "prod_seconds": 948.46
  }
}