{
  "model": "SevenNet",
  "structure": "LGPS_mp-696128",
  "temperature_K": 600,
  "equilibration_ps": 10,
  "production_ps": 50,
  "timestep_fs": 2.0,
  "traj_interval": 50,
  "num_seeds": 3,
  "seeds": [
    42,
    43,
    44
  ],
  "accuracy": {
    "rdf_mae": {
      "Li-Ge": 0.006103,
      "Li-Li": 0.014078,
      "Li-P": 0.013888,
      "Li-S": 0.034894,
      "average": 0.017241
    },
    "rdf_score": {
      "Li-Ge": 0.993934,
      "Li-Li": 0.986118,
      "Li-P": 0.986303,
      "Li-S": 0.966283,
      "average": 0.983159
    },
    "msd_mae": 20.75569,
    "msd_score": 0.045965,
    "diffusivity_mlip_cm2s": 1.543345943824653e-05,
    "diffusivity_aimd_cm2s": 2.2067535826699325e-06,
    "diffusivity_relative_error": 5.993739
  }
}