{
  "model": "SevenNet",
  "structure": "LGPS_mp-696128",
  "temperature_K": 300,
  "equilibration_ps": 10,
  "production_ps": 50,
  "timestep_fs": 2.0,
  "traj_interval": 50,
  "num_frames": 501,
  "accuracy": {
    "rdf_mae": {
      "Li-Ge": 0.012639,
      "Li-Li": 0.019239,
      "Li-P": 0.02454,
      "Li-S": 0.064955,
      "average": 0.030343
    },
    "rdf_score": {
      "Li-Ge": 0.987519,
      "Li-Li": 0.981124,
      "Li-P": 0.976048,
      "Li-S": 0.939007,
      "average": 0.970925
    },
    "msd_mae": 5.503327,
    "msd_score": 0.153767,
    "diffusivity_mlip_cm2s": 5.280847312513395e-06,
    "diffusivity_aimd_cm2s": 1.6321971126047837e-07,
    "diffusivity_relative_error": 31.354225
  }
}