{
  "model": "eSEN",
  "structure": "LGPS_mp-696128",
  "temperature_K": 300,
  "equilibration_ps": 10,
  "production_ps": 50,
  "timestep_fs": 2.0,
  "traj_interval": 50,
  "num_frames": 501,
  "accuracy": {
    "rdf_mae": {
      "Li-Ge": 0.013202,
      "Li-Li": 0.016853,
      "Li-P": 0.021925,
      "Li-S": 0.05942,
      "average": 0.02785
    },
    "rdf_score": {
      "Li-Ge": 0.98697,
      "Li-Li": 0.983426,
      "Li-P": 0.978545,
      "Li-S": 0.943912,
      "average": 0.973213
    },
    "msd_mae": 2.475494,
    "msd_score": 0.287729,
    "diffusivity_mlip_cm2s": 2.2522561451744037e-06,
    "diffusivity_aimd_cm2s": 1.6321971126047837e-07,
    "diffusivity_relative_error": 12.798922
  }
}