{
  "model": "eSEN",
  "structure": "LGPS_mp-696128",
  "temperature_K": 600,
  "equilibration_ps": 10,
  "production_ps": 50,
  "timestep_fs": 2.0,
  "traj_interval": 50,
  "num_seeds": 3,
  "seeds": [
    42,
    43,
    44
  ],
  "accuracy": {
    "rdf_mae": {
      "Li-Ge": 0.004779,
      "Li-Li": 0.014438,
      "Li-P": 0.009196,
      "Li-S": 0.027585,
      "average": 0.013999
    },
    "rdf_score": {
      "Li-Ge": 0.995244,
      "Li-Li": 0.985767,
      "Li-P": 0.990887,
      "Li-S": 0.973155,
      "average": 0.986263
    },
    "msd_mae": 20.099449,
    "msd_score": 0.047395,
    "diffusivity_mlip_cm2s": 1.58362623686262e-05,
    "diffusivity_aimd_cm2s": 2.2067535826699333e-06,
    "diffusivity_relative_error": 6.176271
  }
}