{
  "model": "eSEN_OAM",
  "structure": "LGPS_mp-696128",
  "temperature_K": 300,
  "equilibration_ps": 10,
  "production_ps": 50,
  "timestep_fs": 2.0,
  "traj_interval": 50,
  "num_frames": 501,
  "accuracy": {
    "rdf_mae": {
      "Li-Ge": 0.01728,
      "Li-Li": 0.03782,
      "Li-P": 0.028648,
      "Li-S": 0.078079,
      "average": 0.040457
    },
    "rdf_score": {
      "Li-Ge": 0.983013,
      "Li-Li": 0.963558,
      "Li-P": 0.97215,
      "Li-S": 0.927576,
      "average": 0.961574
    },
    "msd_mae": 0.275441,
    "msd_score": 0.784043,
    "diffusivity_mlip_cm2s": 5.349317441733084e-09,
    "diffusivity_aimd_cm2s": 1.6321971126047837e-07,
    "diffusivity_relative_error": 0.967226
  },
  "timing": {
    "equil_seconds": 892.35,
    "prod_seconds": 4374.35
  }
}