{
  "model": "eSEN_OAM",
  "structure": "LGPS_mp-696128",
  "temperature_K": 600,
  "equilibration_ps": 10,
  "production_ps": 50,
  "timestep_fs": 2.0,
  "traj_interval": 50,
  "num_seeds": 3,
  "seeds": [
    42,
    43,
    44
  ],
  "accuracy": {
    "rdf_mae": {
      "Li-Ge": 0.004575,
      "Li-Li": 0.015955,
      "Li-P": 0.010286,
      "Li-S": 0.029497,
      "average": 0.015078
    },
    "rdf_score": {
      "Li-Ge": 0.995446,
      "Li-Li": 0.984296,
      "Li-P": 0.989818,
      "Li-S": 0.971348,
      "average": 0.985227
    },
    "msd_mae": 16.881276,
    "msd_score": 0.055924,
    "diffusivity_mlip_cm2s": 1.326682515392112e-05,
    "diffusivity_aimd_cm2s": 2.2067535826699333e-06,
    "diffusivity_relative_error": 5.01192
  },
  "timing": {
    "equil_seconds": 1740.41,
    "prod_seconds": 8693.68
  }
}