{
  "model": "EquFlash",
  "structure": "LGPS_mp-696128",
  "temperature_K": 600,
  "equilibration_ps": 10,
  "production_ps": 50,
  "timestep_fs": 2.0,
  "traj_interval": 50,
  "num_seeds": 3,
  "seeds": [
    42,
    43,
    44
  ],
  "accuracy": {
    "rdf_mae": {
      "Li-Ge": 0.005902,
      "Li-Li": 0.011895,
      "Li-P": 0.0107,
      "Li-S": 0.026608,
      "average": 0.013776
    },
    "rdf_score": {
      "Li-Ge": 0.994133,
      "Li-Li": 0.988245,
      "Li-P": 0.989413,
      "Li-S": 0.974081,
      "average": 0.986468
    },
    "msd_mae": 15.870477,
    "msd_score": 0.059275,
    "diffusivity_mlip_cm2s": 1.2435926432859315e-05,
    "diffusivity_aimd_cm2s": 2.2067535826699325e-06,
    "diffusivity_relative_error": 4.635394
  },
  "timing": {
    "equil_seconds": 416.46,
    "prod_seconds": 2198.63
  }
}