target_id,model,msa_runtime_sec,msa_carbon_emissions_g,model_inference_time_sec,model_carbon_emissions_g,total_time_with_shared_msa_sec,total_carbon_with_shared_msa_g,lddt_ca,ca_rmsd,gdt_ts,gdt_ts_percent,gdt_p1,gdt_p2,gdt_p4,gdt_p8,gdt_ts_method,gdt_ts_error,tmalign_tm_score_ref,GDT_TS,GDT_TS_percent
T1104,esmfold,,,55.1633777290117,0.7503540707644031,55.1633777290117,0.7503540707644031,0.8165529010238908,1.843906000863753,0.8152173913043478,81.52173913043478,0.4782608695652174,0.8260869565217391,0.9652173913043478,0.991304347826087,internal_iterative_ca,,0.87951,0.8152173913043478,81.52173913043478
T1106s1,esmfold,,,56.09442822600249,0.765211020189882,56.09442822600249,0.765211020189882,0.8218707015130673,13.153611571461417,0.2711267605633802,27.112676056338024,0.0,0.028169014084507,0.5070422535211268,0.5492957746478874,internal_iterative_ca,,0.50558,0.2711267605633802,27.112676056338024
T1106s2,esmfold,,,54.15181509195827,0.7324496060623786,54.15181509195827,0.7324496060623786,0.9575098814229248,1.3761858598191592,0.9436936936936936,94.36936936936937,0.8468468468468469,0.963963963963964,0.963963963963964,1.0,internal_iterative_ca,,0.94424,0.9436936936936936,94.36936936936937
T1112,esmfold,,,529.2850752540398,7.60425655430264,529.2850752540398,7.60425655430264,0.8537703659472832,3.631250217361036,0.5725446428571428,57.25446428571428,0.0714285714285714,0.4866071428571428,0.7723214285714286,0.9598214285714286,internal_iterative_ca,,0.86627,0.5725446428571428,57.25446428571428
T1114s1,esmfold,,,93.43313803995261,1.296719537547414,93.43313803995261,1.296719537547414,0.8495192307692307,10.4608826429031,0.5423728813559322,54.23728813559322,0.0,0.576271186440678,0.711864406779661,0.8813559322033898,internal_iterative_ca,,0.5825,0.5423728813559322,54.23728813559322
T1114s2,esmfold,,,338.0818269170122,4.810900897736658,338.0818269170122,4.810900897736658,0.7223696093926394,11.204077965920703,0.5659937888198758,56.59937888198758,0.0559006211180124,0.6273291925465838,0.7577639751552795,0.8229813664596274,internal_iterative_ca,,0.78027,0.5659937888198758,56.59937888198758
T1114s3,esmfold,,,744.6516270859865,10.681248681120332,744.6516270859865,10.681248681120332,0.8611920766165011,2.3188594834815985,0.8828125,88.28125,0.685546875,0.8984375,0.9609375,0.986328125,internal_iterative_ca,,0.96363,0.8828125,88.28125
T1120,esmfold,,,129.9625806530239,1.8221504165785438,129.9625806530239,1.8221504165785438,0.844998844998845,6.680237876442802,0.3355263157894737,33.55263157894737,0.0614035087719298,0.1228070175438596,0.3859649122807017,0.7719298245614035,internal_iterative_ca,,0.55446,0.3355263157894737,33.55263157894737
T1122,esmfold,,,135.6402035439969,1.9172799435444474,135.6402035439969,1.9172799435444474,0.5266968325791855,15.19428716102051,0.2282608695652174,22.826086956521745,0.0,0.0,0.3826086956521739,0.5304347826086957,internal_iterative_ca,,0.45193,0.2282608695652174,22.826086956521745
T1129s2,esmfold,,,1088.1045312720235,16.130605282589432,1088.1045312720235,16.130605282589432,0.1610821759259259,29.12266189589651,0.0260416666666666,2.604166666666667,0.0,0.0,0.0094696969696969,0.0946969696969697,internal_iterative_ca,,0.25513,0.0260416666666666,2.604166666666667
T1133,esmfold,,,905.4114539070288,13.362299918219085,905.4114539070288,13.362299918219085,0.91571021944725,7.474278447119991,0.9119804400977995,91.19804400977996,0.7603911980440098,0.9266503667481664,0.9779951100244498,0.982885085574572,internal_iterative_ca,,0.98078,0.9119804400977995,91.19804400977996
T1134s1,esmfold,,,128.68533389701042,1.8342322717500312,128.68533389701042,1.8342322717500312,0.90495503438547,1.698590024826882,0.8858695652173914,88.58695652173914,0.6782608695652174,0.908695652173913,0.9608695652173912,0.9956521739130436,internal_iterative_ca,,0.94589,0.8858695652173914,88.58695652173914
T1134s2,esmfold,,,259.3486179850297,3.784649685368855,259.3486179850297,3.784649685368855,0.8263432328270234,6.464815046520009,0.7834158415841583,78.34158415841583,0.6287128712871287,0.7772277227722773,0.8366336633663366,0.8910891089108911,internal_iterative_ca,,0.85676,0.7834158415841583,78.34158415841583
T1137s1,esmfold,,,425.8874364239746,6.260060527416713,425.8874364239746,6.260060527416713,0.7681042654028436,38.89388595928233,0.0,0.0,0.0,0.0,0.0,0.0,internal_iterative_ca,,0.34326,0.0,0.0
T1137s2,esmfold,,,315.84311263397103,4.589960723080757,315.84311263397103,4.589960723080757,0.8869061280697728,46.62616922783719,0.0,0.0,0.0,0.0,0.0,0.0,internal_iterative_ca,,0.3775,0.0,0.0
T1137s3,esmfold,,,708.7457242800156,10.397980729890325,708.7457242800156,10.397980729890325,0.8925204663855123,45.93544906070474,0.0370967741935483,3.709677419354839,0.0,0.0,0.0032258064516129,0.1451612903225806,internal_iterative_ca,,0.38246,0.0370967741935483,3.709677419354839
T1137s4,esmfold,,,784.8182822030503,11.508310892398393,784.8182822030503,11.508310892398393,0.7101243339253996,56.89501603649549,0.0,0.0,0.0,0.0,0.0,0.0,internal_iterative_ca,,0.37357,0.0,0.0
T1137s5,esmfold,,,388.00710013200296,5.640466599891687,388.00710013200296,5.640466599891687,0.7976967180703836,57.6025950072678,0.0537709497206703,5.377094972067039,0.0,0.0,0.0,0.2150837988826815,internal_iterative_ca,,0.33845,0.0537709497206703,5.377094972067039
T1137s6,esmfold,,,691.7764873580309,10.152305514577249,691.7764873580309,10.152305514577249,0.7811763639659235,72.17136918512827,0.0,0.0,0.0,0.0,0.0,0.0,internal_iterative_ca,,0.34692,0.0,0.0
T1137s7,esmfold,,,1136.5451746699982,16.724854124868706,1136.5451746699982,16.724854124868706,0.7934555657053373,13.223990117709084,0.7608695652173914,76.08695652173914,0.5518394648829431,0.802675585284281,0.8294314381270903,0.8595317725752508,internal_iterative_ca,,0.82844,0.7608695652173914,76.08695652173914
T1137s8,esmfold,,,200.0624414869817,2.890328636091611,200.0624414869817,2.890328636091611,0.8967039899069548,1.5573786013176705,0.8853754940711462,88.53754940711462,0.7233201581027668,0.849802371541502,0.9683794466403162,1.0,internal_iterative_ca,,0.9499,0.8853754940711462,88.53754940711462
T1137s9,esmfold,,,220.48210847302107,3.2282116954105087,220.48210847302107,3.2282116954105087,0.9067331478045764,1.5856974003552984,0.8602661596958174,86.02661596958174,0.5779467680608364,0.8973384030418251,0.9657794676806084,1.0,internal_iterative_ca,,0.94779,0.8602661596958174,86.02661596958174
T1145,esmfold,,,1066.010291323997,15.793380847375767,1066.010291323997,15.793380847375767,0.6117483040128779,28.3909809754874,0.117879746835443,11.787974683544304,0.0,0.0015822784810126,0.3117088607594936,0.1582278481012658,internal_iterative_ca,,0.44223,0.117879746835443,11.787974683544304
T1147,esmfold,,,51.07824222999625,0.6954798886721758,51.07824222999625,0.6954798886721758,0.925779253960143,1.1520784263282304,0.9320652173913044,93.20652173913044,0.8152173913043478,0.9239130434782608,0.9891304347826086,1.0,internal_iterative_ca,,0.9369,0.9320652173913044,93.20652173913044
T1151s2,esmfold,,,54.80009599798359,0.7541988960792886,54.80009599798359,0.7541988960792886,0.8264321295143213,2.6103434910507315,0.8422619047619048,84.22619047619048,0.6666666666666666,0.8333333333333334,0.8928571428571429,0.9761904761904762,internal_iterative_ca,,0.8507,0.8422619047619048,84.22619047619048
T1155,esmfold,,,54.866320797998924,0.7581887951273893,54.866320797998924,0.7581887951273893,0.634465599307659,7.056432423222817,0.5883620689655173,58.83620689655174,0.2586206896551724,0.4913793103448275,0.7155172413793104,0.8879310344827587,internal_iterative_ca,,0.66911,0.5883620689655173,58.83620689655174
T1157s2,esmfold,,,620.3096657429705,9.119113222247439,620.3096657429705,9.119113222247439,0.9095571095571096,8.757901423208075,0.2780172413793103,27.801724137931032,0.0,0.0,0.4030172413793103,0.709051724137931,internal_iterative_ca,,0.64145,0.2780172413793103,27.801724137931032
T1159,esmfold,,,84.03430513298372,1.166519375612398,84.03430513298372,1.166519375612398,0.7798387096774193,3.006377770678061,0.7484375,74.84375,0.475,0.68125,0.8625,0.975,internal_iterative_ca,,0.84775,0.7484375,74.84375
T1183,esmfold,,,101.9692473729956,1.4343420487255634,101.9692473729956,1.4343420487255634,0.952294810833161,1.1620599657242678,0.9551282051282052,95.51282051282053,0.8666666666666667,0.9743589743589745,0.9846153846153848,0.9948717948717948,internal_iterative_ca,,0.97491,0.9551282051282052,95.51282051282053
T1185s1,esmfold,,,334.3436248829821,4.862296620969751,334.3436248829821,4.862296620969751,0.8615642994241842,9.206240021645536,0.6464285714285715,64.64285714285715,0.0142857142857142,0.8285714285714286,0.8714285714285714,0.8714285714285714,internal_iterative_ca,,0.82895,0.6464285714285715,64.64285714285715
T1185s2,esmfold,,,359.459076817031,5.218008004721005,359.459076817031,5.218008004721005,0.8441044671614619,8.284689414212927,0.7012779552715656,70.12779552715655,0.5463258785942492,0.6869009584664537,0.7635782747603834,0.8083067092651757,internal_iterative_ca,,0.82597,0.7012779552715656,70.12779552715655
T1185s4,esmfold,,,212.38076463202015,3.0210398484119385,212.38076463202015,3.0210398484119385,0.8391569606211869,2.134870118854075,0.8600427350427351,86.00427350427351,0.6623931623931624,0.8461538461538461,0.9401709401709402,0.9914529914529916,internal_iterative_ca,,0.9299,0.8600427350427351,86.00427350427351
T1194,esmfold,,,87.56926133896923,1.2164022078522754,87.56926133896923,1.2164022078522754,0.9402898922524372,0.7405646996481764,0.9710365853658536,97.10365853658536,0.9146341463414634,0.9695121951219512,1.0,1.0,internal_iterative_ca,,0.97775,0.9710365853658536,97.10365853658536
T1212,esmfold,,,556.4596268219757,7.953931013428499,556.4596268219757,7.953931013428499,0.7449958490914123,15.28057219651276,0.4141630901287554,41.41630901287554,0.0,0.0021459227467811,0.8154506437768241,0.8390557939914163,internal_iterative_ca,,0.82959,0.4141630901287554,41.41630901287554
T1227s1,esmfold,,,472.8308420520043,6.746362831264071,472.8308420520043,6.746362831264071,0.8900329489291599,1.784185601572634,0.8220663265306123,82.20663265306123,0.4540816326530612,0.8622448979591837,0.9770408163265306,0.9948979591836736,internal_iterative_ca,,0.95454,0.8220663265306123,82.20663265306123
T1266,esmfold,,,309.6328679830185,4.419703649955761,309.6328679830185,4.419703649955761,0.6562329885683179,13.803647100637985,0.5511744966442953,55.11744966442953,0.4664429530201342,0.5436241610738255,0.5838926174496645,0.610738255033557,internal_iterative_ca,,0.63535,0.5511744966442953,55.11744966442953
T1272s2,esmfold,,,340.3923289459781,4.852463584822638,340.3923289459781,4.852463584822638,0.8206707426721813,40.08803312769872,0.1813880126182965,18.13880126182965,0.0,0.0,0.0031545741324921,0.722397476340694,internal_iterative_ca,,0.69249,0.1813880126182965,18.13880126182965
T1272s3,esmfold,,,260.1040145980078,3.6976680281220413,260.1040145980078,3.6976680281220413,0.7723985536359983,12.267805512724388,0.1879770992366412,18.79770992366412,0.0,0.2175572519083969,0.0801526717557251,0.4541984732824427,internal_iterative_ca,,0.44542,0.1879770992366412,18.79770992366412
T1272s4,esmfold,,,223.40656780300196,3.193208679582322,223.40656780300196,3.193208679582322,0.8316593009240658,15.489725244954336,0.1635687732342007,16.356877323420075,0.0,0.0037174721189591,0.2453531598513011,0.4052044609665427,internal_iterative_ca,,0.39724,0.1635687732342007,16.356877323420075
T1272s5,esmfold,,,225.02074677799828,3.2416841020347804,225.02074677799828,3.2416841020347804,0.80085931254996,9.385070450636311,0.2642045454545454,26.420454545454547,0.0,0.0,0.4583333333333333,0.5984848484848485,internal_iterative_ca,,0.52821,0.2642045454545454,26.420454545454547
T1272s6,esmfold,,,1041.332300162001,14.99862100214702,1041.332300162001,14.99862100214702,0.8487196765498652,20.81963302733839,0.285,28.500000000000004,0.0,0.0,0.5525,0.5875,internal_iterative_ca,,0.5855,0.285,28.500000000000004
T1272s7,esmfold,,,140.56283939897548,1.9900073719824412,140.56283939897548,1.9900073719824412,0.7604442970822282,41.22380034379033,0.0,0.0,0.0,0.0,0.0,0.0,internal_iterative_ca,,0.43942,0.0,0.0
T1272s9,esmfold,,,135.2153275019955,1.9006954306777222,135.2153275019955,1.9006954306777222,0.8361355751267681,3.1554868423042657,0.7914285714285715,79.14285714285715,0.5828571428571429,0.7542857142857143,0.8571428571428571,0.9714285714285714,internal_iterative_ca,,0.86227,0.7914285714285715,79.14285714285715
T1280,esmfold,,,134.35423245001584,1.8865417017118966,134.35423245001584,1.8865417017118966,0.9533615497314016,0.8570137039663471,0.9540598290598292,95.40598290598292,0.8333333333333334,0.9871794871794872,0.9957264957264956,1.0,internal_iterative_ca,,0.98229,0.9540598290598292,95.40598290598292
T1299,esmfold,,,88.8067519760225,1.2227961121711968,88.8067519760225,1.2227961121711968,0.9417835941716136,1.023915393748232,0.9449404761904762,94.49404761904762,0.8273809523809523,0.9642857142857144,0.988095238095238,1.0,internal_iterative_ca,,0.96434,0.9449404761904762,94.49404761904762
T1104,omegafold,,,22.16815384401707,0.5077497323365114,22.16815384401707,0.5077497323365114,0.4949753507773985,11.98139836196826,0.3586956521739131,35.86956521739131,0.0,0.3478260869565217,0.4608695652173913,0.6260869565217392,internal_iterative_ca,,0.47206,0.3586956521739131,35.86956521739131
T1106s1,omegafold,,,22.879897242004517,0.520534958717842,22.879897242004517,0.520534958717842,0.8194635488308116,11.56364437540387,0.2323943661971831,23.239436619718308,0.0,0.0140845070422535,0.4929577464788732,0.4225352112676056,internal_iterative_ca,,0.46341,0.2323943661971831,23.239436619718308
T1106s2,omegafold,,,22.00924927496817,0.48857105184577815,22.00924927496817,0.48857105184577815,0.920838823012736,2.300173283094129,0.8941441441441442,89.41441441441442,0.7477477477477478,0.927927927927928,0.927927927927928,0.972972972972973,internal_iterative_ca,,0.91283,0.8941441441441442,89.41441441441442
T1112,omegafold,,,169.4154881259892,5.685005056628089,169.4154881259892,5.685005056628089,0.850422246865137,3.162893819705097,0.6953125,69.53125,0.3683035714285714,0.5401785714285714,0.8973214285714286,0.9754464285714286,internal_iterative_ca,,0.89547,0.6953125,69.53125
T1114s1,omegafold,,,32.64299659599783,0.9067323110335197,32.64299659599783,0.9067323110335197,0.8254807692307693,14.041265906872178,0.385593220338983,38.559322033898304,0.0,0.0,0.6610169491525424,0.8813559322033898,internal_iterative_ca,,0.60494,0.385593220338983,38.559322033898304
T1114s2,omegafold,,,101.5005991680082,3.3924304489245296,101.5005991680082,3.3924304489245296,0.6369101377286068,13.02433698818398,0.5458074534161491,54.580745341614914,0.391304347826087,0.5341614906832298,0.6086956521739131,0.6490683229813664,internal_iterative_ca,,0.66751,0.5458074534161491,54.580745341614914
T1114s3,omegafold,,,245.89349800901255,8.514118838732237,245.89349800901255,8.514118838732237,0.7343406103146748,3.9266389753889546,0.720703125,72.0703125,0.423828125,0.71484375,0.82421875,0.919921875,internal_iterative_ca,,0.8962,0.720703125,72.0703125
T1120,omegafold,,,43.630525440967176,1.3062981263152316,43.630525440967176,1.3062981263152316,0.8613421113421114,11.371145753182716,0.2445175438596491,24.451754385964914,0.0,0.0043859649122807,0.4605263157894737,0.5131578947368421,internal_iterative_ca,,0.51146,0.2445175438596491,24.451754385964914
T1122,omegafold,,,45.47211385203991,1.3687270047098927,45.47211385203991,1.3687270047098927,0.4713800904977376,16.787146499857467,0.1847826086956521,18.47826086956521,0.0,0.0521739130434782,0.208695652173913,0.4782608695652174,internal_iterative_ca,,0.41387,0.1847826086956521,18.47826086956521
T1129s2,omegafold,,,388.0641763700405,12.867693764609783,388.0641763700405,12.867693764609783,0.1817129629629629,28.680583231698588,0.0189393939393939,1.893939393939394,0.0,0.0,0.0,0.0757575757575757,internal_iterative_ca,,0.26523,0.0189393939393939,1.893939393939394
T1133,omegafold,,,330.93286309897667,11.046800475589121,330.93286309897667,11.046800475589121,0.9042098980809844,6.880145243074043,0.8973105134474328,89.73105134474328,0.7334963325183375,0.9070904645476772,0.9657701711491442,0.982885085574572,internal_iterative_ca,,0.97572,0.8973105134474328,89.73105134474328
T1134s1,omegafold,,,43.241207068029325,1.2689796394662654,43.241207068029325,1.2689796394662654,0.900326221125022,2.101359809925024,0.8891304347826087,88.91304347826086,0.7043478260869566,0.9043478260869564,0.9608695652173912,0.9869565217391304,internal_iterative_ca,,0.94713,0.8891304347826087,88.91304347826086
T1134s2,omegafold,,,79.84988125698874,2.4825340988923994,79.84988125698874,2.4825340988923994,0.8376785309453638,6.194412582596248,0.8106435643564356,81.06435643564356,0.6881188118811881,0.8316831683168316,0.8415841584158416,0.8811881188118812,internal_iterative_ca,,0.87042,0.8106435643564356,81.06435643564356
T1137s1,omegafold,,,149.7030343809747,4.805749240764648,149.7030343809747,4.805749240764648,0.7733175355450237,62.999587268907405,0.0369897959183673,3.698979591836735,0.0,0.0,0.0,0.1479591836734693,internal_iterative_ca,,0.37633,0.0369897959183673,3.698979591836735
T1137s2,omegafold,,,94.99428969802102,3.0234205421093523,94.99428969802102,3.0234205421093523,0.889258664218499,62.06453680378232,0.0574626865671641,5.746268656716418,0.0,0.0,0.0,0.2298507462686567,internal_iterative_ca,,0.39071,0.0574626865671641,5.746268656716418
T1137s3,omegafold,,,247.03382559801685,8.124773680033462,247.03382559801685,8.124773680033462,0.8892954601835772,56.32837824134132,0.0,0.0,0.0,0.0,0.0,0.0,internal_iterative_ca,,0.34028,0.0,0.0
T1137s4,omegafold,,,285.2306844010018,9.45267976789537,285.2306844010018,9.45267976789537,0.727708703374778,61.854856714501,0.0,0.0,0.0,0.0,0.0,0.0,internal_iterative_ca,,0.38476,0.0,0.0
T1137s5,omegafold,,,126.54276912298519,4.125009046032726,126.54276912298519,4.125009046032726,0.7986852510873863,56.9555696111753,0.0006983240223463,0.0698324022346368,0.0,0.0,0.0,0.0027932960893854,internal_iterative_ca,,0.36635,0.0006983240223463,0.0698324022346368
T1137s6,omegafold,,,248.62443575600628,8.226136379827933,248.62443575600628,8.226136379827933,0.7476889613920609,53.3573348183401,0.0,0.0,0.0,0.0,0.0,0.0,internal_iterative_ca,,0.38634,0.0,0.0
T1137s7,omegafold,,,440.8963007989805,14.826081276442338,440.8963007989805,14.826081276442338,0.8146939840793423,16.0106362546362,0.6546822742474916,65.46822742474916,0.0,0.8260869565217391,0.8695652173913043,0.9230769230769232,internal_iterative_ca,,0.91672,0.6546822742474916,65.46822742474916
T1137s8,omegafold,,,57.744815852027386,1.7475774344715327,57.744815852027386,1.7475774344715327,0.9039977921463492,1.4557269679876144,0.8586956521739131,85.86956521739131,0.5889328063241107,0.8656126482213439,0.9802371541501976,1.0,internal_iterative_ca,,0.95229,0.8586956521739131,85.86956521739131
T1137s9,omegafold,,,69.17477328301175,2.134959503754919,69.17477328301175,2.134959503754919,0.8730674087816945,2.56672905929981,0.7557034220532319,75.57034220532319,0.4182509505703422,0.6806083650190115,0.9429657794676806,0.9809885931558936,internal_iterative_ca,,0.89396,0.7557034220532319,75.57034220532319
T1145,omegafold,,,407.0835699230083,13.566512477984547,407.0835699230083,13.566512477984547,0.4688973209152581,25.448742960299533,0.1242088607594936,12.420886075949369,0.0,0.0031645569620253,0.2120253164556962,0.2816455696202531,internal_iterative_ca,,0.34163,0.1242088607594936,12.420886075949369
T1147,omegafold,,,21.05205295898486,0.45659243010704376,21.05205295898486,0.45659243010704376,0.9048288196218702,1.291634267145086,0.9239130434782608,92.3913043478261,0.8260869565217391,0.9021739130434784,0.967391304347826,1.0,internal_iterative_ca,,0.92669,0.9239130434782608,92.3913043478261
T1151s2,omegafold,,,22.193667621992063,0.5005398946153073,22.193667621992063,0.5005398946153073,0.8514943960149439,2.121694793420024,0.8422619047619048,84.22619047619048,0.5,0.9285714285714286,0.9642857142857144,0.9761904761904762,internal_iterative_ca,,0.8675,0.8422619047619048,84.22619047619048
T1155,omegafold,,,22.243053921032697,0.5058601538248118,22.243053921032697,0.5058601538248118,0.6075292081350065,7.252454353260581,0.5668103448275862,56.68103448275862,0.2758620689655172,0.4482758620689655,0.6637931034482759,0.8793103448275862,internal_iterative_ca,,0.64259,0.5668103448275862,56.68103448275862
T1157s2,omegafold,,,224.51121762901312,7.364724384205451,224.51121762901312,7.364724384205451,0.8913752913752914,11.071880433433272,0.3081896551724138,30.81896551724138,0.0,0.2155172413793103,0.271551724137931,0.7456896551724138,internal_iterative_ca,,0.63323,0.3081896551724138,30.81896551724138
T1159,omegafold,,,27.867882177000865,0.7053717089073585,27.867882177000865,0.7053717089073585,0.6449131513647643,5.878629068453728,0.5265625,52.65625000000001,0.11875,0.46875,0.63125,0.8875,internal_iterative_ca,,0.71274,0.5265625,52.65625000000001
T1183,omegafold,,,35.37807371199597,0.9869489234070337,35.37807371199597,0.9869489234070337,0.8320239818069051,5.447139099042203,0.8076923076923077,80.76923076923077,0.6307692307692307,0.8102564102564103,0.8615384615384616,0.9282051282051282,internal_iterative_ca,,0.87564,0.8076923076923077,80.76923076923077
T1185s1,omegafold,,,97.7251846040017,3.13117029238385,97.7251846040017,3.13117029238385,0.8416506717850287,9.050270631785404,0.6428571428571429,64.28571428571429,0.0,0.8285714285714286,0.8714285714285714,0.8714285714285714,internal_iterative_ca,,0.81563,0.6428571428571429,64.28571428571429
T1185s2,omegafold,,,111.14000265399227,3.5832412982725725,111.14000265399227,3.5832412982725725,0.8557975073519115,19.64583268299773,0.5623003194888179,56.23003194888179,0.0,0.6805111821086262,0.7635782747603834,0.805111821086262,internal_iterative_ca,,0.76972,0.5623003194888179,56.23003194888179
T1185s4,omegafold,,,58.773062638007104,1.8410884626203532,58.773062638007104,1.8410884626203532,0.8254760584211499,2.333298532305622,0.8418803418803419,84.1880341880342,0.6410256410256411,0.8290598290598291,0.9102564102564102,0.9871794871794872,internal_iterative_ca,,0.91893,0.8418803418803419,84.1880341880342
T1194,omegafold,,,28.579152759048156,0.7478052978539591,28.579152759048156,0.7478052978539591,0.8124679322729604,2.078399310629216,0.8414634146341464,84.14634146341464,0.6524390243902439,0.7865853658536586,0.9329268292682928,0.9939024390243902,internal_iterative_ca,,0.91355,0.8414634146341464,84.14634146341464
T1212,omegafold,,,173.681527252018,5.92222138014741,173.681527252018,5.92222138014741,0.6748916151646527,21.95484724604889,0.3379828326180257,33.798283261802574,0.0,0.1952789699570815,0.3648068669527897,0.7918454935622318,internal_iterative_ca,,0.69508,0.3379828326180257,33.798283261802574
T1227s1,omegafold,,,144.5852174879983,4.90033332509925,144.5852174879983,4.90033332509925,0.7497940691927513,3.1317352141883275,0.6224489795918368,62.24489795918368,0.1581632653061224,0.5229591836734694,0.826530612244898,0.9821428571428572,internal_iterative_ca,,0.87464,0.6224489795918368,62.24489795918368
T1266,omegafold,,,83.98645612300606,2.7454144718441205,83.98645612300606,2.7454144718441205,0.6492583015786608,14.333090868656177,0.4370805369127517,43.708053691275175,0.0,0.5536912751677853,0.5771812080536913,0.6174496644295302,internal_iterative_ca,,0.63537,0.4370805369127517,43.708053691275175
T1272s2,omegafold,,,99.29752249794547,3.290570348045841,99.29752249794547,3.290570348045841,0.700458550620392,37.32635733524269,0.2988958990536278,29.88958990536278,0.0031545741324921,0.0063091482649842,0.5457413249211357,0.6403785488958991,internal_iterative_ca,,0.57965,0.2988958990536278,29.88958990536278
T1272s3,omegafold,,,76.51352045603562,2.494229980700576,76.51352045603562,2.494229980700576,0.7495982322217758,17.06865077165222,0.148854961832061,14.885496183206106,0.0038167938931297,0.015267175572519,0.049618320610687,0.5267175572519084,internal_iterative_ca,,0.44021,0.148854961832061,14.885496183206106
T1272s4,omegafold,,,65.14010813098866,2.039933388701425,65.14010813098866,2.039933388701425,0.8689232623543592,12.396719416779623,0.2639405204460966,26.394052044609666,0.0037174721189591,0.2973977695167286,0.174721189591078,0.5799256505576208,internal_iterative_ca,,0.45923,0.2639405204460966,26.394052044609666
T1272s5,omegafold,,,67.07173394504935,2.098678401998387,67.07173394504935,2.098678401998387,0.8004596322941647,13.331905864195049,0.1657196969696969,16.571969696969695,0.0,0.0075757575757575,0.1098484848484848,0.5454545454545454,internal_iterative_ca,,0.45444,0.1657196969696969,16.571969696969695
T1272s6,omegafold,,,337.09834020998096,11.583102124440728,337.09834020998096,11.583102124440728,0.7826538634321653,25.60836735338567,0.023125,2.3125,0.0,0.0,0.005,0.0875,internal_iterative_ca,,0.54223,0.023125,2.3125
T1272s7,omegafold,,,45.697644043015316,1.3849643435172567,45.697644043015316,1.3849643435172567,0.5318302387267904,33.405071025557085,0.0,0.0,0.0,0.0,0.0,0.0,internal_iterative_ca,,0.27716,0.0,0.0
T1272s9,omegafold,,,44.479096842056606,1.3301992392306383,44.479096842056606,1.3301992392306383,0.8360021350413664,3.0923355873075136,0.7828571428571429,78.28571428571429,0.5314285714285715,0.7257142857142858,0.8971428571428571,0.9771428571428572,internal_iterative_ca,,0.86962,0.7828571428571429,78.28571428571429
T1280,omegafold,,,44.513044092047494,1.335650664634784,44.513044092047494,1.335650664634784,0.9525476151717402,0.8175451648423553,0.9594017094017094,95.94017094017094,0.8717948717948718,0.97008547008547,0.9957264957264956,1.0,internal_iterative_ca,,0.98219,0.9594017094017094,95.94017094017094
T1299,omegafold,,,28.761822373024188,0.7445809808310383,28.761822373024188,0.7445809808310383,0.946505666486778,0.8256510930009433,0.9598214285714286,95.98214285714286,0.8690476190476191,0.9702380952380952,1.0,1.0,internal_iterative_ca,,0.97394,0.9598214285714286,95.98214285714286
T1104,boltz2,,,108.68401826999616,1.6704017025240232,590.6840182699962,9.021106610031497,0.7951270383010998,1.689249657003293,0.8717391304347827,87.17391304347827,0.6,0.9217391304347826,0.982608695652174,0.982608695652174,internal_iterative_ca,,0.91139,0.8717391304347827,87.17391304347827
T1106s1,boltz2,,,110.94822588993702,1.702366669426813,605.948225889937,9.411909945401579,0.8486932599724897,10.895735960150962,0.3345070422535211,33.45070422535211,0.0,0.0140845070422535,0.6197183098591549,0.704225352112676,internal_iterative_ca,,0.58902,0.3345070422535211,33.45070422535211
T1106s2,boltz2,,,107.08690567105077,1.6620922964683738,621.0869056710508,9.643891037298848,0.8899868247694335,1.577024700397114,0.9234234234234234,92.34234234234236,0.7657657657657657,0.963963963963964,0.963963963963964,1.0,internal_iterative_ca,,0.93118,0.9234234234234234,92.34234234234236
T1112,boltz2,,,800.0193617379991,11.69814358743882,1303.0193617379991,19.777731780728374,0.8185404759873753,3.529312673322388,0.6473214285714286,64.73214285714286,0.2901785714285714,0.5245535714285714,0.8147321428571429,0.9598214285714286,internal_iterative_ca,,0.87282,0.6473214285714286,64.73214285714286
T1114s1,boltz2,,,165.77679744898342,2.4886763615678,652.7767974489834,10.183708785951955,0.7451923076923077,14.13729161971539,0.1652542372881356,16.52542372881356,0.0,0.0,0.0338983050847457,0.6271186440677966,internal_iterative_ca,,0.42948,0.1652542372881356,16.52542372881356
T1114s2,boltz2,,,615.8968627089635,8.898500128357385,1109.8968627089635,16.73605741084382,0.8389873560623164,1.453020761940874,0.8571428571428572,85.71428571428572,0.5279503105590062,0.9099378881987578,0.9937888198757764,0.9968944099378882,internal_iterative_ca,,0.96164,0.8571428571428572,85.71428571428572
T1114s3,boltz2,,,1484.8900151810376,21.071358197429422,1996.8900151810376,29.275686199434723,0.916408898935221,0.9438595660080638,0.91650390625,91.650390625,0.671875,0.994140625,1.0,1.0,internal_iterative_ca,,0.9865,0.91650390625,91.650390625
T1120,boltz2,,,246.7792528460268,3.648247762281162,746.7792528460268,11.527221116287375,0.8268075768075769,9.937700180284963,0.1853070175438596,18.53070175438597,0.0,0.0307017543859649,0.175438596491228,0.5350877192982456,internal_iterative_ca,,0.49978,0.1853070175438596,18.53070175438597
T1122,boltz2,,,245.77428764500655,3.6431193029433158,751.7742876450066,11.645599223372898,0.4372171945701357,18.42452429908527,0.1434782608695652,14.347826086956522,0.0,0.0,0.1695652173913043,0.4043478260869565,internal_iterative_ca,,0.33907,0.1434782608695652,14.347826086956522
T1129s2,boltz2,,,2176.6901159790577,30.568090114468163,2670.6901159790577,38.58307464646447,0.7481481481481482,2.694384206510313,0.7419507575757576,74.19507575757575,0.3920454545454545,0.7026515151515151,0.884469696969697,0.9886363636363636,internal_iterative_ca,,0.93678,0.7419507575757576,74.19507575757575
T1133,boltz2,,,1618.439639899996,23.12201531996523,2156.439639899996,31.65519899377678,0.7802084289780552,6.410935343441676,0.7701711491442542,77.01711491442542,0.3643031784841076,0.7750611246943765,0.9584352078239609,0.982885085574572,internal_iterative_ca,,0.95254,0.7701711491442542,77.01711491442542
T1134s1,boltz2,,,227.25500276696403,3.3831370262678977,736.255002766964,11.406477214075386,0.8382560394992065,1.2476321248522615,0.8630434782608696,86.30434782608695,0.4869565217391304,0.9695652173913044,0.9956521739130436,1.0,internal_iterative_ca,,0.95726,0.8630434782608696,86.30434782608695
T1134s2,boltz2,,,358.64335637295153,5.324274963742827,862.6433563729515,13.228013805482046,0.6938902743142145,7.007979816847755,0.719059405940594,71.9059405940594,0.4207920792079208,0.7326732673267327,0.8415841584158416,0.8811881188118812,internal_iterative_ca,,0.84345,0.719059405940594,71.9059405940594
T1137s1,boltz2,,,639.1651432190556,9.382689891550202,1157.1651432190556,17.65521163917311,0.7679620853080569,75.41756775043143,0.0223214285714285,2.232142857142857,0.0,0.0,0.0,0.0892857142857142,internal_iterative_ca,,0.3444,0.0223214285714285,2.232142857142857
T1137s2,boltz2,,,539.8595476939809,7.833156751336487,1064.8595476939809,16.148873640619197,0.7812141381684645,67.5270823920236,0.0,0.0,0.0,0.0,0.0,0.0,internal_iterative_ca,,0.31929,0.0,0.0
T1137s3,boltz2,,,1163.5655921110883,16.65175726678726,1694.5655921110883,25.071371449675063,0.7493798064996279,62.97122023642925,0.0,0.0,0.0,0.0,0.0,0.0,internal_iterative_ca,,0.32403,0.0,0.0
T1137s4,boltz2,,,1408.9518745850073,20.10519807926717,1944.9518745850073,28.63571195153515,0.6398312611012433,67.16379976908013,0.0,0.0,0.0,0.0,0.0,0.0,internal_iterative_ca,,0.28403,0.0,0.0
T1137s5,boltz2,,,649.4243203679798,9.434892838069944,1181.4243203679798,17.85912540809096,0.7609727164887307,66.26600974738646,0.0,0.0,0.0,0.0,0.0,0.0,internal_iterative_ca,,0.30459,0.0,0.0
T1137s6,boltz2,,,1271.668445675983,18.139821307747628,1791.668445675983,26.45175689321763,0.699836867862969,74.696952231104,0.0281954887218045,2.819548872180451,0.0,0.0,0.0426065162907268,0.0701754385964912,internal_iterative_ca,,0.26617,0.0281954887218045,2.819548872180451
T1137s7,boltz2,,,2662.2983265500516,37.51005100053492,3422.2983265500516,49.045011878537395,0.8125734046717995,14.788067552632825,0.6923076923076923,69.23076923076923,0.0,0.8896321070234113,0.9364548494983278,0.94314381270903,internal_iterative_ca,,0.95976,0.6923076923076923,69.23076923076923
T1137s8,boltz2,,,353.2044683219865,5.172903778114052,860.2044683219865,13.188869235754854,0.816866424854124,1.5414420468036372,0.8152173913043478,81.52173913043478,0.3952569169960474,0.8932806324110671,0.9723320158102768,1.0,internal_iterative_ca,,0.94442,0.8152173913043478,81.52173913043478
T1137s9,boltz2,,,374.181988058961,5.50464317867891,879.181988058961,13.389870109723692,0.8267625231910947,2.8110744703657207,0.800380228136882,80.0380228136882,0.4334600760456273,0.8403041825095057,0.9429657794676806,0.9847908745247148,internal_iterative_ca,,0.92164,0.800380228136882,80.0380228136882
T1145,boltz2,,,2024.9158285659505,28.47808426487971,2557.9158285659505,36.988626060157614,0.7754398068299413,3.5825132323498066,0.5526107594936709,55.26107594936709,0.175632911392405,0.3132911392405063,0.7278481012658228,0.9936708860759492,internal_iterative_ca,,0.87511,0.5526107594936709,55.26107594936709
T1147,boltz2,,,110.7006034279475,1.696309631880082,615.7006034279475,9.57546017494817,0.9426417986714358,0.6390736370365758,0.9918478260869564,99.18478260869566,0.9782608695652174,0.9891304347826086,1.0,1.0,internal_iterative_ca,,0.97138,0.9918478260869564,99.18478260869566
T1151s2,boltz2,,,133.81115195993334,2.032993902591294,638.8111519599333,9.896443492371253,0.8382627646326276,1.5926767772784531,0.8809523809523809,88.09523809523809,0.6666666666666666,0.9047619047619048,0.9642857142857144,0.988095238095238,internal_iterative_ca,,0.89804,0.8809523809523809,88.09523809523809
T1155,boltz2,,,107.70603439898696,1.664250755547916,608.706034398987,9.467196607679304,0.6096927736910428,6.052017684634038,0.4784482758620689,47.8448275862069,0.0172413793103448,0.4224137931034483,0.603448275862069,0.8706896551724138,internal_iterative_ca,,0.60018,0.4784482758620689,47.8448275862069
T1157s2,boltz2,,,1289.272598564974,18.45280320281685,1863.272598564974,27.45607693204473,0.7798834498834499,14.50516161102948,0.2537715517241379,25.3771551724138,0.0,0.0,0.3103448275862069,0.7047413793103449,internal_iterative_ca,,0.65668,0.2537715517241379,25.3771551724138
T1159,boltz2,,,135.74596839991864,2.06434102189949,640.7459683999186,9.962448132802859,0.8189205955334988,0.9777440306331856,0.921875,92.1875,0.70625,0.98125,1.0,1.0,internal_iterative_ca,,0.96002,0.921875,92.1875
T1183,boltz2,,,190.01365170709323,2.8545344204635663,711.0136517070932,10.985651471152654,0.8270105437254496,1.999918878056413,0.8448717948717949,84.48717948717949,0.5025641025641026,0.917948717948718,0.9743589743589745,0.9846153846153848,internal_iterative_ca,,0.93379,0.8448717948717949,84.48717948717949
T1185s1,boltz2,,,517.5359492440475,7.491760277210944,1051.5359492440475,15.880686290782755,0.7310460652591171,6.642050489385063,0.6535714285714286,65.35714285714286,0.0285714285714285,0.8,0.8714285714285714,0.9142857142857144,internal_iterative_ca,,0.76286,0.6535714285714286,65.35714285714286
T1185s2,boltz2,,,647.5668914540438,9.295281421057988,1186.5668914540438,17.803509402817067,0.6787564766839378,8.368485471164213,0.5559105431309904,55.59105431309904,0.1693290734824281,0.549520766773163,0.7156549520766773,0.7891373801916933,internal_iterative_ca,,0.76767,0.5559105431309904,55.59105431309904
T1185s4,boltz2,,,290.93774228706025,4.325923067786956,816.9377422870602,12.612237429644265,0.7476428175263451,1.903693521668595,0.8044871794871795,80.44871794871796,0.405982905982906,0.8632478632478633,0.9658119658119658,0.9829059829059827,internal_iterative_ca,,0.92959,0.8044871794871795,80.44871794871796
T1194,boltz2,,,141.8758255429566,2.165210467294281,650.8758255429566,10.144956959750541,0.8242688558234992,1.3481488771805048,0.8414634146341464,84.14634146341464,0.4695121951219512,0.902439024390244,0.9939024390243902,1.0,internal_iterative_ca,,0.9346,0.8414634146341464,84.14634146341464
T1212,boltz2,,,969.8461075950181,14.119257376954565,1500.846107595018,22.554895434174277,0.778779632875196,2.413092582716785,0.7124463519313304,71.24463519313305,0.3025751072961373,0.6115879828326181,0.94206008583691,0.9935622317596566,internal_iterative_ca,,0.92293,0.7124463519313304,71.24463519313305
T1227s1,boltz2,,,754.3726651269244,10.983785744739563,1262.3726651269244,19.12279312116347,0.739729200988468,2.0364470656556497,0.6938775510204082,69.38775510204081,0.1683673469387755,0.6147959183673469,0.9923469387755102,1.0,internal_iterative_ca,,0.92832,0.6938775510204082,69.38775510204081
T1266,boltz2,,,433.684855774045,6.34206194668389,972.684855774045,14.849045422462765,0.771094175285792,1.7827032972098815,0.7466442953020134,74.66442953020133,0.2651006711409396,0.7248322147651006,0.9966442953020134,1.0,internal_iterative_ca,,0.9302,0.7466442953020134,74.66442953020133
T1272s2,boltz2,,,668.3293939370196,9.448456210730404,1178.3293939370196,17.542344739693732,0.7149343643229635,30.047462095400235,0.1782334384858044,17.823343848580443,0.0,0.0,0.0,0.7129337539432177,internal_iterative_ca,,0.66708,0.1782334384858044,17.823343848580443
T1272s3,boltz2,,,480.6383972649928,6.872765788220114,982.6383972649928,14.856456259197902,0.6275612695861792,47.13844704761045,0.0429389312977099,4.293893129770993,0.0,0.0,0.0076335877862595,0.1641221374045801,internal_iterative_ca,,0.19537,0.0429389312977099,4.293893129770993
T1272s4,boltz2,,,305.563028683071,4.4915283332437035,813.563028683071,12.495312646891241,0.7119325030132583,34.079200999411405,0.053903345724907,5.390334572490707,0.0,0.0,0.0074349442379182,0.20817843866171,internal_iterative_ca,,0.34737,0.053903345724907,5.390334572490707
T1272s5,boltz2,,,310.94075468799565,4.6012235371263825,820.9407546879956,12.664031652320801,0.6072142286171063,36.30380690239658,0.0520833333333333,5.208333333333334,0.0,0.0,0.0,0.2083333333333333,internal_iterative_ca,,0.27096,0.0520833333333333,5.208333333333334
T1272s6,boltz2,,,1884.6592214870034,26.697921368687158,2438.6592214870034,35.461461932900896,0.7745676100628931,25.05532251008399,0.143125,14.3125,0.0,0.0,0.005,0.5675,internal_iterative_ca,,0.5454,0.143125,14.3125
T1272s7,boltz2,,,262.49769463797566,3.8483765872894438,774.4976946379757,11.88978282158956,0.6989389920424403,47.49132270123037,0.0,0.0,0.0,0.0,0.0,0.0,internal_iterative_ca,,0.42352,0.0,0.0
T1272s9,boltz2,,,262.02145946596283,3.8511918342019644,769.0214594659628,11.850405582879304,0.6852815585801975,2.609602354791375,0.7,70.0,0.2742857142857143,0.6171428571428571,0.9142857142857144,0.9942857142857144,internal_iterative_ca,,0.85483,0.7,70.0
T1280,boltz2,,,299.5475691779284,4.429046545058593,835.5475691779284,12.826859974864563,0.8489744424548266,1.031490888629069,0.9145299145299144,91.45299145299144,0.6923076923076923,0.9658119658119658,1.0,1.0,internal_iterative_ca,,0.97122,0.9145299145299144,91.45299145299144
T1299,boltz2,,,146.24922916002106,2.223831031836829,644.2492291600211,10.112781643608844,0.861913113869401,1.495613458907276,0.8035714285714286,80.35714285714286,0.375,0.8392857142857143,1.0,1.0,internal_iterative_ca,,0.91853,0.8035714285714286,80.35714285714286
T1104,chai1,,,486.10755472205346,6.762715161189591,486.10755472205346,6.762715161189591,0.5405764125900645,8.639217348625444,0.3760869565217391,37.60869565217392,0.008695652173913,0.3391304347826087,0.4695652173913043,0.6869565217391305,internal_iterative_ca,,0.54115,0.3760869565217391,37.60869565217392
T1106s1,chai1,,,474.17120799596887,6.6838727617808,474.17120799596887,6.6838727617808,0.7548143053645117,11.371229321519696,0.2957746478873239,29.577464788732392,0.0,0.0,0.5352112676056338,0.647887323943662,internal_iterative_ca,,0.42714,0.2957746478873239,29.577464788732392
T1106s2,chai1,,,453.74739741301164,6.417132675952586,453.74739741301164,6.417132675952586,0.9593763724198509,1.4320782428077634,0.9436936936936936,94.36936936936937,0.8558558558558559,0.954954954954955,0.963963963963964,1.0,internal_iterative_ca,,0.94665,0.9436936936936936,94.36936936936937
T1112,chai1,,,1733.6757332970155,24.000708980840958,1733.6757332970155,24.000708980840958,0.8601040689243369,3.32571854010492,0.6713169642857143,67.13169642857143,0.3616071428571428,0.5044642857142857,0.8504464285714286,0.96875,internal_iterative_ca,,0.87945,0.6713169642857143,67.13169642857143
T1114s1,chai1,,,476.8632760400069,6.681815479669834,476.8632760400069,6.681815479669834,0.7461538461538462,17.250011219153663,0.1991525423728813,19.91525423728813,0.0,0.0,0.0169491525423728,0.7796610169491526,internal_iterative_ca,,0.55225,0.1991525423728813,19.91525423728813
T1114s2,chai1,,,1061.0118421099614,14.580215751855253,1061.0118421099614,14.580215751855253,0.7451174079927748,9.02757641388998,0.5706521739130435,57.06521739130434,0.0031055900621118,0.6770186335403726,0.782608695652174,0.8198757763975155,internal_iterative_ca,,0.81275,0.5706521739130435,57.06521739130434
T1114s3,chai1,,,3678.4660983009962,50.38522604418304,3678.4660983009962,50.38522604418304,0.8728362381773838,2.5862899714202023,0.90380859375,90.380859375,0.7734375,0.919921875,0.94921875,0.97265625,internal_iterative_ca,,0.95988,0.90380859375,90.380859375
T1120,chai1,,,460.49798930296674,6.4865522139147656,460.49798930296674,6.4865522139147656,0.8484060984060984,10.956259842901696,0.1622807017543859,16.228070175438596,0.0,0.0175438596491228,0.1491228070175438,0.4824561403508772,internal_iterative_ca,,0.48523,0.1622807017543859,16.228070175438596
T1122,chai1,,,464.2394253850216,6.536715380400748,464.2394253850216,6.536715380400748,0.509841628959276,16.92666740487108,0.2108695652173913,21.086956521739133,0.0,0.0,0.308695652173913,0.5347826086956522,internal_iterative_ca,,0.49063,0.2108695652173913,21.086956521739133
T1129s2,chai1,,,3592.0973846749985,50.309810454367266,3592.0973846749985,50.309810454367266,0.2017939814814814,23.189953181396323,0.0151515151515151,1.5151515151515151,0.0,0.0,0.0,0.0606060606060606,internal_iterative_ca,,0.30497,0.0151515151515151,1.5151515151515151
T1133,chai1,,,3582.372884034994,50.41598997842563,3582.372884034994,50.41598997842563,0.915641355247452,7.889552040354363,0.9156479217603912,91.56479217603912,0.78239608801956,0.9242053789731052,0.9731051344743276,0.982885085574572,internal_iterative_ca,,0.98087,0.9156479217603912,91.56479217603912
T1134s1,chai1,,,476.08688685199013,6.745679102360857,476.08688685199013,6.745679102360857,0.9209575030858754,1.146207487867293,0.9163043478260868,91.63043478260867,0.7391304347826086,0.9391304347826088,0.9869565217391304,1.0,internal_iterative_ca,,0.96599,0.9163043478260868,91.63043478260867
T1134s2,chai1,,,1034.2023411479895,14.603117971362115,1034.2023411479895,14.603117971362115,0.8371684425300385,6.266604000475298,0.7957920792079207,79.57920792079207,0.6534653465346535,0.806930693069307,0.8366336633663366,0.8861386138613861,internal_iterative_ca,,0.86463,0.7957920792079207,79.57920792079207
T1137s1,chai1,,,1699.2230322459945,24.070443927257628,1699.2230322459945,24.070443927257628,0.7950710900473933,75.92975851646811,0.0,0.0,0.0,0.0,0.0,0.0,internal_iterative_ca,,0.4126,0.0,0.0
T1137s2,chai1,,,1001.8530834700214,14.138408105340504,1001.8530834700214,14.138408105340504,0.8677989442276797,64.8027836044292,0.0,0.0,0.0,0.0,0.0,0.0,internal_iterative_ca,,0.40712,0.0,0.0
T1137s3,chai1,,,3576.5285280059907,50.28929911434591,3576.5285280059907,50.28929911434591,0.901203175390722,57.32527289560216,0.0,0.0,0.0,0.0,0.0,0.0,internal_iterative_ca,,0.36803,0.0,0.0
T1137s4,chai1,,,3591.0334819900454,50.270254833831146,3591.0334819900454,50.270254833831146,0.7244227353463588,75.93106951383557,0.0,0.0,0.0,0.0,0.0,0.0,internal_iterative_ca,,0.35602,0.0,0.0
T1137s5,chai1,,,1717.50966306997,23.95347131812855,1717.50966306997,23.95347131812855,0.8424772637406089,71.97547490431529,0.0,0.0,0.0,0.0,0.0,0.0,internal_iterative_ca,,0.38985,0.0,0.0
T1137s6,chai1,,,3695.31341246597,51.86154395327638,3695.31341246597,51.86154395327638,0.8065524741707449,73.10938613847797,0.0,0.0,0.0,0.0,0.0,0.0,internal_iterative_ca,,0.41842,0.0,0.0
T1137s7,chai1,,,3583.5914467220427,50.325973424942646,3583.5914467220427,50.325973424942646,0.8289181782591674,10.976911327497426,0.798494983277592,79.8494983277592,0.5919732441471572,0.8361204013377926,0.8729096989966555,0.8929765886287625,internal_iterative_ca,,0.92584,0.798494983277592,79.8494983277592
T1137s8,chai1,,,1008.127495254972,14.157933020006519,1008.127495254972,14.157933020006519,0.8839299794985018,1.7749679470288873,0.8705533596837944,87.05533596837944,0.7035573122529645,0.8300395256916996,0.9565217391304348,0.9920948616600792,internal_iterative_ca,,0.94159,0.8705533596837944,87.05533596837944
T1137s9,chai1,,,915.2605234700022,13.095392295569507,915.2605234700022,13.095392295569507,0.8565630797773656,2.323779755089433,0.8003802281368821,80.03802281368822,0.5019011406844106,0.7832699619771863,0.9277566539923956,0.988593155893536,internal_iterative_ca,,0.91738,0.8003802281368821,80.03802281368822
T1145,chai1,,,3596.0224589990103,50.90934508314729,3596.0224589990103,50.90934508314729,0.6049787282971139,26.9553695060826,0.0419303797468354,4.193037974683545,0.0,0.0,0.0,0.1677215189873417,internal_iterative_ca,,0.41772,0.0419303797468354,4.193037974683545
T1147,chai1,,,457.9211325579672,6.499408833251429,457.9211325579672,6.499408833251429,0.926673479816045,1.0150385350601978,0.9538043478260868,95.38043478260867,0.8804347826086957,0.9456521739130436,0.9891304347826086,1.0,internal_iterative_ca,,0.94953,0.9538043478260868,95.38043478260867
T1151s2,chai1,,,459.1475055810297,6.5472374179196455,459.1475055810297,6.5472374179196455,0.8276774595267746,2.1996402422789707,0.8630952380952381,86.30952380952381,0.7380952380952381,0.8333333333333334,0.8928571428571429,0.988095238095238,internal_iterative_ca,,0.86131,0.8630952380952381,86.30952380952381
T1155,chai1,,,450.6587738440139,6.465127448463135,450.6587738440139,6.465127448463135,0.6063392470791865,7.040288538360963,0.5086206896551724,50.86206896551724,0.0862068965517241,0.4568965517241379,0.6379310344827587,0.853448275862069,internal_iterative_ca,,0.62915,0.5086206896551724,50.86206896551724
T1157s2,chai1,,,1758.938819146948,24.95451644215714,1758.938819146948,24.95451644215714,0.9071095571095572,11.137224344165553,0.28125,28.125,0.0,0.0,0.3793103448275862,0.7456896551724138,internal_iterative_ca,,0.61122,0.28125,28.125
T1159,chai1,,,459.2100140900002,6.52041219255714,459.2100140900002,6.52041219255714,0.6560173697270472,5.882996430095086,0.503125,50.31250000000001,0.00625,0.45625,0.6625,0.8875,internal_iterative_ca,,0.73328,0.503125,50.31250000000001
T1183,chai1,,,456.6913687560009,6.477080919315136,456.6913687560009,6.477080919315136,0.9382881951622908,1.126041729864781,0.95,95.0,0.8666666666666667,0.9487179487179488,0.9846153846153848,1.0,internal_iterative_ca,,0.9692,0.95,95.0
T1185s1,chai1,,,1037.0882695000037,14.566427911942416,1037.0882695000037,14.566427911942416,0.843809980806142,8.113006524924021,0.4392857142857143,43.92857142857143,0.0,0.0285714285714285,0.8571428571428571,0.8714285714285714,internal_iterative_ca,,0.80624,0.4392857142857143,43.92857142857143
T1185s2,chai1,,,934.6739028190495,13.171864790875636,934.6739028190495,13.171864790875636,0.8343019184988096,8.214345694552298,0.6789137380191692,67.89137380191693,0.4792332268370607,0.6677316293929713,0.7603833865814696,0.8083067092651757,internal_iterative_ca,,0.82142,0.6789137380191692,67.89137380191693
T1185s4,chai1,,,1006.4540488009807,14.073696968388942,1006.4540488009807,14.073696968388942,0.8542706600110925,2.514764267290567,0.8525641025641025,85.25641025641025,0.6581196581196581,0.8717948717948718,0.9188034188034188,0.9615384615384616,internal_iterative_ca,,0.92667,0.8525641025641025,85.25641025641025
T1194,chai1,,,457.7215641269577,6.4246360850710476,457.7215641269577,6.4246360850710476,0.8385069266290406,1.9628232800888856,0.8185975609756098,81.85975609756098,0.5182926829268293,0.823170731707317,0.9390243902439024,0.9939024390243902,internal_iterative_ca,,0.90844,0.8185975609756098,81.85975609756098
T1212,chai1,,,1737.236558744975,23.81537846969546,1737.236558744975,23.81537846969546,0.7468637579559081,22.944594997115484,0.4120171673819742,41.20171673819743,0.0,0.0,0.8090128755364807,0.8390557939914163,internal_iterative_ca,,0.80555,0.4120171673819742,41.20171673819743
T1227s1,chai1,,,1783.736018791038,24.371191800685114,1783.736018791038,24.371191800685114,0.8912942751235585,1.803252872392026,0.8246173469387754,82.46173469387755,0.4642857142857143,0.8622448979591837,0.979591836734694,0.9923469387755102,internal_iterative_ca,,0.95568,0.8246173469387754,82.46173469387755
T1266,chai1,,,923.971889892011,12.819684840207357,923.971889892011,12.819684840207357,0.7106355470876429,10.654574211642917,0.5369127516778524,53.69127516778524,0.0,0.62751677852349,0.6912751677852349,0.8288590604026845,internal_iterative_ca,,0.79707,0.5369127516778524,53.69127516778524
T1272s2,chai1,,,1014.6944345429656,14.032404845157268,1014.6944345429656,14.032404845157268,0.8466552778277289,31.209447362792,0.3564668769716088,35.646687697160885,0.0,0.0,0.7034700315457413,0.722397476340694,internal_iterative_ca,,0.69301,0.3564668769716088,35.646687697160885
T1272s3,chai1,,,921.0034126660321,12.81577278325814,921.0034126660321,12.81577278325814,0.7600441944556047,15.641279367875562,0.1030534351145038,10.30534351145038,0.0,0.0076335877862595,0.0687022900763358,0.3358778625954198,internal_iterative_ca,,0.35879,0.1030534351145038,10.30534351145038
T1272s4,chai1,,,938.9623383189901,13.031864700602664,938.9623383189901,13.031864700602664,0.855664925672961,13.44594943569044,0.2546468401486988,25.46468401486989,0.0,0.0074349442379182,0.3308550185873606,0.6802973977695167,internal_iterative_ca,,0.49083,0.2546468401486988,25.46468401486989
T1272s5,chai1,,,1045.9156909729936,14.624833190563285,1045.9156909729936,14.624833190563285,0.865607513988809,10.088762937247624,0.2840909090909091,28.40909090909091,0.0,0.0265151515151515,0.4090909090909091,0.7007575757575758,internal_iterative_ca,,0.48694,0.2840909090909091,28.40909090909091
T1272s6,chai1,,,3652.326589364966,51.08927665621511,3652.326589364966,51.08927665621511,0.817722371967655,22.62220352086104,0.1556249999999999,15.562499999999996,0.0,0.0025,0.5025,0.1175,internal_iterative_ca,,0.54353,0.1556249999999999,15.562499999999996
T1272s7,chai1,,,490.03152378601953,6.842413406264555,490.03152378601953,6.842413406264555,0.6279840848806366,30.302071607896984,0.0017241379310344,0.1724137931034483,0.0,0.0,0.0,0.0068965517241379,internal_iterative_ca,,0.32157,0.0017241379310344,0.1724137931034483
T1272s9,chai1,,,464.3503633500077,6.523133021823462,464.3503633500077,6.523133021823462,0.8220576461168935,3.260274592332408,0.7757142857142857,77.57142857142857,0.52,0.7142857142857143,0.9028571428571428,0.9657142857142856,internal_iterative_ca,,0.86576,0.7757142857142857,77.57142857142857
T1280,chai1,,,466.08988921396667,6.542071201256539,466.08988921396667,6.542071201256539,0.9584893374572684,0.8280388674020901,0.9604700854700856,96.04700854700856,0.8717948717948718,0.9786324786324786,0.9914529914529916,1.0,internal_iterative_ca,,0.9856,0.9604700854700856,96.04700854700856
T1299,chai1,,,463.4233136140392,6.484163153615808,463.4233136140392,6.484163153615808,0.9487317862924988,1.041824943544861,0.9508928571428572,95.08928571428572,0.8571428571428571,0.9583333333333334,0.988095238095238,1.0,internal_iterative_ca,,0.96555,0.9508928571428572,95.08928571428572
T1104,colabfold,482,7.350704907507474,108,2.3426301513917873,590.0,9.693335058899262,0.8793136139552522,1.553618708725804,0.8782608695652174,87.82608695652175,0.591304347826087,0.9565217391304348,0.9739130434782608,0.991304347826087,internal_iterative_ca,,0.92621,0.8782608695652174,87.82608695652175
T1106s1,colabfold,495,7.709543275974767,118,2.5189355044388355,613.0,10.228478780413603,0.8775790921595599,4.8391121317190775,0.5845070422535211,58.45070422535211,0.2112676056338028,0.4366197183098591,0.7887323943661971,0.9014084507042254,internal_iterative_ca,,0.65232,0.5845070422535211,58.45070422535211
T1106s2,colabfold,514,7.981798740830475,121,2.5854669643250094,635.0,10.567265705155485,0.9454325867369344,1.5130317142816758,0.9144144144144144,91.44144144144144,0.7837837837837838,0.90990990990991,0.963963963963964,1.0,internal_iterative_ca,,0.92752,0.9144144144144144,91.44144144144144
T1112,colabfold,503,8.079588193289556,146,3.50009811661628,649.0,11.579686309905837,0.8873155335664932,3.3808568333801974,0.7594866071428572,75.94866071428572,0.5200892857142857,0.71875,0.8348214285714286,0.9642857142857144,internal_iterative_ca,,0.89162,0.7594866071428572,75.94866071428572
T1114s1,colabfold,487,7.695032424384155,135,2.9054417814218834,622.0,10.600474205806037,0.8596153846153847,11.820000953283367,0.4364406779661017,43.64406779661017,0.0,0.0338983050847457,0.8305084745762712,0.8813559322033898,internal_iterative_ca,,0.65031,0.4364406779661017,43.64406779661017
T1114s2,colabfold,494,7.837557282486434,155,3.5464700243908123,649.0,11.384027306877247,0.9124520207721832,1.1965832233984812,0.9177018633540373,91.77018633540372,0.7453416149068323,0.937888198757764,0.9875776397515528,1.0,internal_iterative_ca,,0.97312,0.9177018633540373,91.77018633540372
T1114s3,colabfold,512,8.204328002005301,186,4.51268040340671,698.0,12.717008405412011,0.9351317589673428,0.9038321019691754,0.95703125,95.703125,0.84375,0.990234375,0.994140625,1.0,internal_iterative_ca,,0.98888,0.95703125,95.703125
T1120,colabfold,500,7.878973354006212,150,3.053105543052215,650.0,10.932078897058428,0.8833448833448834,8.462119567584027,0.3070175438596491,30.701754385964914,0.0087719298245614,0.0701754385964912,0.5087719298245614,0.6403508771929824,internal_iterative_ca,,0.50339,0.3070175438596491,30.701754385964914
T1122,colabfold,506,8.002479920429582,116,2.5136604346066322,622.0,10.516140355036214,0.4571266968325792,19.431157305499127,0.158695652173913,15.869565217391305,0.0,0.0,0.2217391304347826,0.4130434782608695,internal_iterative_ca,,0.38967,0.158695652173913,15.869565217391305
T1129s2,colabfold,494,8.014984531996308,139,3.414433603040271,633.0,11.42941813503658,0.7001736111111111,3.640134743107573,0.712594696969697,71.2594696969697,0.4015151515151515,0.6742424242424242,0.8295454545454546,0.9450757575757576,internal_iterative_ca,,0.90897,0.712594696969697,71.2594696969697
T1133,colabfold,538,8.533183673811552,187,4.6295204142323465,725.0,13.162704088043899,0.915733174180516,6.438561225885851,0.9223716381418092,92.23716381418092,0.8117359413202934,0.9290953545232272,0.9657701711491442,0.982885085574572,internal_iterative_ca,,0.97994,0.9223716381418092,92.23716381418092
T1134s1,colabfold,509,8.023340187807488,140,3.0064470688431975,649.0,11.029787256650685,0.9398254276141772,0.9403603709204508,0.941304347826087,94.1304347826087,0.8043478260869565,0.9695652173913044,0.991304347826087,1.0,internal_iterative_ca,,0.97581,0.941304347826087,94.1304347826087
T1134s2,colabfold,504,7.90373884173922,150,3.3464327258712996,654.0,11.25017156761052,0.8317841759238269,6.551886444126927,0.8069306930693069,80.69306930693068,0.6881188118811881,0.8118811881188119,0.8415841584158416,0.8861386138613861,internal_iterative_ca,,0.87164,0.8069306930693069,80.69306930693068
T1137s1,colabfold,518,8.27252174762291,160,3.702752209320036,678.0,11.975273956942946,0.8939336492890995,65.47768671811929,0.0,0.0,0.0,0.0,0.0,0.0,internal_iterative_ca,,0.37231,0.0,0.0
T1137s2,colabfold,525,8.31571688928271,157,3.5683184489684794,682.0,11.88403533825119,0.9307436309387194,39.9308881696988,0.0477611940298507,4.776119402985075,0.0,0.0,0.0029850746268656,0.1880597014925373,internal_iterative_ca,,0.42904,0.0477611940298507,4.776119402985075
T1137s3,colabfold,531,8.4196141828878,159,3.9761153011153825,690.0,12.395729484003184,0.9010171173406104,53.012929366198655,0.0,0.0,0.0,0.0,0.0,0.0,internal_iterative_ca,,0.42969,0.0,0.0
T1137s4,colabfold,536,8.530513872267983,190,4.601320375565104,726.0,13.131834247833087,0.855683836589698,62.931635414566216,0.0,0.0,0.0,0.0,0.0,0.0,internal_iterative_ca,,0.35802,0.0,0.0
T1137s5,colabfold,532,8.424232570021019,164,3.7341400539146763,696.0,12.158372623935694,0.9137010676156584,26.979432776687148,0.0006983240223463,0.0698324022346368,0.0,0.0,0.0,0.0027932960893854,internal_iterative_ca,,0.44101,0.0006983240223463,0.0698324022346368
T1137s6,colabfold,520,8.311935585470003,183,4.425356085308678,703.0,12.737291670778681,0.9005347108936016,25.571310230712797,0.0833333333333333,8.333333333333332,0.0,0.0,0.0,0.3333333333333333,internal_iterative_ca,,0.3904,0.0833333333333333,8.333333333333332
T1137s7,colabfold,760,11.53496087800247,209,5.250699198755785,969.0,16.785660076758255,0.8810518073861412,13.980978169686916,0.8545150501672241,85.45150501672241,0.6622073578595318,0.8695652173913043,0.94314381270903,0.94314381270903,internal_iterative_ca,,0.96483,0.8545150501672241,85.45150501672241
T1137s8,colabfold,507,8.015965457640803,147,3.2238783732960616,654.0,11.239843830936865,0.9339615202649424,1.2410568288545372,0.9120553359683796,91.20553359683797,0.7312252964426877,0.932806324110672,0.984189723320158,1.0,internal_iterative_ca,,0.96589,0.9120553359683796,91.20553359683797
T1137s9,colabfold,505,7.885226931044782,153,3.404938830894478,658.0,11.29016576193926,0.9351808905380334,1.5700057607503577,0.8802281368821292,88.02281368821292,0.6387832699619772,0.9125475285171104,0.9695817490494296,1.0,internal_iterative_ca,,0.95026,0.8802281368821292,88.02281368821292
T1145,colabfold,533,8.510541795277907,201,4.867089467484843,734.0,13.377631262762751,0.9117655513395424,4.428779633410169,0.6226265822784811,62.262658227848114,0.1170886075949367,0.6487341772151899,0.759493670886076,0.9651898734177216,internal_iterative_ca,,0.85286,0.6226265822784811,62.262658227848114
T1147,colabfold,505,7.879150543068087,134,2.806951364713466,639.0,10.686101907781552,0.959887583035258,0.5576744004700349,0.9836956521739132,98.36956521739133,0.9347826086956522,1.0,1.0,1.0,internal_iterative_ca,,0.97614,0.9836956521739132,98.36956521739133
T1151s2,colabfold,505,7.863449589779959,111,2.483092122495598,616.0,10.346541712275558,0.8904109589041096,1.6370997241305338,0.9017857142857144,90.17857142857144,0.7261904761904762,0.9285714285714286,0.9642857142857144,0.988095238095238,internal_iterative_ca,,0.90415,0.9017857142857144,90.17857142857144
T1155,colabfold,501,7.802945852131387,99,2.240173142003562,600.0,10.04311899413495,0.5967113803548247,7.3348918645829375,0.5452586206896552,54.52586206896552,0.2758620689655172,0.4137931034482758,0.6293103448275862,0.8620689655172413,internal_iterative_ca,,0.62279,0.5452586206896552,54.52586206896552
T1157s2,colabfold,574,9.003273729227882,189,4.434176355231396,763.0,13.437450084459279,0.9006993006993007,8.195218928944744,0.3060344827586207,30.60344827586207,0.0,0.0,0.4568965517241379,0.7672413793103449,internal_iterative_ca,,0.70176,0.3060344827586207,30.60344827586207
T1159,colabfold,505,7.89810711090337,109,2.4091224154194446,614.0,10.307229526322814,0.9600496277915632,0.6911432697608826,0.9671875,96.71875,0.88125,0.9875,1.0,1.0,internal_iterative_ca,,0.97985,0.9671875,96.71875
T1183,colabfold,521,8.131117050689086,124,2.7413335396281697,645.0,10.872450590317257,0.9604093446351044,0.6415415393293812,0.976923076923077,97.69230769230772,0.9230769230769232,0.9846153846153848,1.0,1.0,internal_iterative_ca,,0.98568,0.976923076923077,97.69230769230772
T1185s1,colabfold,534,8.388926013571812,155,3.501012505399682,689.0,11.889938518971494,0.8642034548944337,8.55703240076227,0.8357142857142857,83.57142857142857,0.7714285714285715,0.8285714285714286,0.8714285714285714,0.8714285714285714,internal_iterative_ca,,0.8677,0.8357142857142857,83.57142857142857
T1185s2,colabfold,539,8.50822798175908,135,3.2198822219573042,674.0,11.728110203716383,0.8553423890211455,4.984910472263214,0.7348242811501597,73.48242811501598,0.5910543130990416,0.6996805111821086,0.7699680511182109,0.8785942492012779,internal_iterative_ca,,0.84782,0.7348242811501597,73.48242811501598
T1185s4,colabfold,526,8.28631436185731,132,2.938864118062616,658.0,11.225178479919926,0.8731281198003328,1.3745125229022013,0.9177350427350428,91.77350427350429,0.7649572649572649,0.9444444444444444,0.9658119658119658,0.9957264957264956,internal_iterative_ca,,0.9631,0.9177350427350428,91.77350427350429
T1194,colabfold,509,7.979746492456259,101,2.2470196006613357,610.0,10.226766093117595,0.9597229348383788,0.7069294856873194,0.9740853658536586,97.40853658536584,0.9146341463414634,0.9878048780487804,0.9939024390243902,1.0,internal_iterative_ca,,0.98361,0.9740853658536586,97.40853658536584
T1212,colabfold,531,8.435638057219712,174,4.039650061164599,705.0,12.475288118384311,0.9197491006364726,1.76672307152841,0.8133047210300429,81.3304721030043,0.4892703862660944,0.7896995708154506,0.9763948497854076,0.9978540772532188,internal_iterative_ca,,0.95575,0.8133047210300429,81.3304721030043
T1227s1,colabfold,508,8.139007376423903,172,3.967237040327189,680.0,12.106244416751093,0.9104715815485996,1.1145552665799312,0.920280612244898,92.0280612244898,0.7397959183673469,0.9489795918367347,0.9923469387755102,1.0,internal_iterative_ca,,0.97816,0.920280612244898,92.0280612244898
T1266,colabfold,539,8.506983475778876,128,3.0082222714673645,667.0,11.51520574724624,0.9366494284158956,1.1775240411648,0.8850671140939597,88.50671140939596,0.587248322147651,0.953020134228188,1.0,1.0,internal_iterative_ca,,0.96764,0.8850671140939597,88.50671140939596
T1272s2,colabfold,510,8.093888528963328,161,3.5175814005135506,671.0,11.611469929476879,0.8712911346880058,40.535237141342975,0.3580441640378549,35.80441640378549,0.0,0.0,0.7003154574132492,0.7318611987381703,internal_iterative_ca,,0.70801,0.3580441640378549,35.80441640378549
T1272s3,colabfold,502,7.983690470977788,148,3.2629772849248497,650.0,11.246667755902637,0.8090598633989554,10.955357218419442,0.1211832061068702,12.118320610687022,0.0,0.0,0.0954198473282442,0.3893129770992366,internal_iterative_ca,,0.47826,0.1211832061068702,12.118320610687022
T1272s4,colabfold,508,8.003784313647538,151,3.2966140869473843,659.0,11.300398400594922,0.8394937725994375,12.880651671634403,0.1059479553903345,10.594795539033456,0.0,0.0037174721189591,0.0520446096654275,0.3680297397769517,internal_iterative_ca,,0.47669,0.1059479553903345,10.594795539033456
T1272s5,colabfold,510,8.06280811519442,159,3.4002609992297614,669.0,11.463069114424181,0.8431254996003197,11.727927183193964,0.2054924242424242,20.549242424242426,0.0,0.0,0.3333333333333333,0.4886363636363636,internal_iterative_ca,,0.46873,0.2054924242424242,20.549242424242426
T1272s6,colabfold,554,8.76354056421374,166,4.2380630387505445,720.0,13.001603602964284,0.8695249326145553,20.132599900935134,0.415625,41.5625,0.0025,0.52,0.5525,0.5875,internal_iterative_ca,,0.5932,0.415625,41.5625
T1272s7,colabfold,512,8.041406234300116,148,3.145591398876068,660.0,11.186997633176183,0.7531498673740054,34.25162117229652,0.0,0.0,0.0,0.0,0.0,0.0,internal_iterative_ca,,0.50708,0.0,0.0
T1272s9,colabfold,507,7.999213748677339,142,3.0303045988074677,649.0,11.029518347484807,0.8606885508406725,1.9671213369862648,0.8599999999999999,85.99999999999999,0.6114285714285714,0.8914285714285715,0.96,0.9771428571428572,internal_iterative_ca,,0.93367,0.8599999999999999,85.99999999999999
T1280,colabfold,536,8.39781342980597,155,3.4684149425053503,691.0,11.866228372311319,0.9444489663031091,0.882887563217993,0.9508547008547008,95.08547008547008,0.8247863247863247,0.9829059829059827,0.9957264957264956,1.0,internal_iterative_ca,,0.98141,0.9508547008547008,95.08547008547008
T1299,colabfold,498,7.888950611772016,120,2.658188264019689,618.0,10.547138875791704,0.9499460334592552,0.8880505396446322,0.9538690476190476,95.38690476190476,0.8452380952380952,0.9702380952380952,1.0,1.0,internal_iterative_ca,,0.97081,0.9538690476190476,95.38690476190476
T1104,openfold,482,7.350704907507474,21.60893233004026,0.5280962018869954,503.60893233004026,7.87880110939447,0.8754266211604095,1.5462186901350312,0.8717391304347827,87.17391304347827,0.5565217391304348,0.9565217391304348,0.982608695652174,0.991304347826087,internal_iterative_ca,,0.92349,0.8717391304347827,87.17391304347827
T1106s1,openfold,495,7.709543275974767,22.094265829073265,0.5383500283112366,517.0942658290733,8.247893304286004,0.8727647867950481,4.282800148122958,0.676056338028169,67.6056338028169,0.3098591549295774,0.6619718309859155,0.8169014084507042,0.9154929577464788,internal_iterative_ca,,0.68409,0.676056338028169,67.6056338028169
T1106s2,openfold,514,7.981798740830475,21.284495083033107,0.5117260826772384,535.2844950830331,8.493524823507713,0.9459815546772068,1.4994722212234837,0.9121621621621622,91.2162162162162,0.7747747747747747,0.90990990990991,0.963963963963964,1.0,internal_iterative_ca,,0.92805,0.9121621621621622,91.2162162162162
T1112,openfold,503,8.079588193289556,107.662547823973,3.4686607179962636,610.662547823973,11.54824891128582,0.8873155335664933,3.196555905446161,0.7555803571428571,75.55803571428571,0.4799107142857143,0.7075892857142857,0.8683035714285714,0.9665178571428572,internal_iterative_ca,,0.89794,0.7555803571428571,75.55803571428571
T1114s1,openfold,487,7.695032424384155,29.728811800014228,0.8213217805030413,516.7288118000142,8.516354204887197,0.8668269230769231,12.727596903719968,0.4491525423728814,44.91525423728814,0.0,0.0338983050847457,0.8813559322033898,0.8813559322033898,internal_iterative_ca,,0.77226,0.4491525423728814,44.91525423728814
T1114s2,openfold,494,7.837557282486434,68.68437684606761,2.145932829727979,562.6843768460676,9.983490112214412,0.9101095055317228,1.1968848169832678,0.9130434782608696,91.30434782608695,0.7236024844720497,0.9409937888198758,0.9875776397515528,1.0,internal_iterative_ca,,0.97195,0.9130434782608696,91.30434782608695
T1114s3,openfold,512,8.204328002005301,153.40515888901427,5.02284993040964,665.4051588890143,13.227177932414941,0.9375408958420082,0.8949613398318922,0.9599609375,95.99609375,0.857421875,0.98828125,0.994140625,1.0,internal_iterative_ca,,0.98919,0.9599609375,95.99609375
T1120,openfold,500,7.878973354006212,36.50368096900638,1.0785153556715807,536.5036809690064,8.957488709677794,0.8864056364056364,8.262257954278796,0.3048245614035088,30.48245614035088,0.0043859649122807,0.0482456140350877,0.5219298245614035,0.6447368421052632,internal_iterative_ca,,0.51149,0.3048245614035088,30.48245614035088
T1122,openfold,506,8.002479920429582,37.03344028501306,1.0740009968931925,543.0334402850131,9.076480917322774,0.400339366515837,20.76635287778571,0.1380434782608695,13.804347826086955,0.0,0.0,0.1217391304347826,0.4304347826086956,internal_iterative_ca,,0.37924,0.1380434782608695,13.804347826086955
T1129s2,openfold,494,8.014984531996308,199.16876450297423,6.648973329876792,693.1687645029742,14.6639578618731,0.6904224537037037,4.4587539572351895,0.6799242424242424,67.99242424242425,0.3958333333333333,0.5928030303030303,0.7916666666666666,0.9393939393939394,internal_iterative_ca,,0.87691,0.6799242424242424,67.99242424242425
T1133,openfold,538,8.533183673811552,178.8030864209868,5.918944301159604,716.8030864209868,14.452127974971155,0.915962721513176,7.414814200342612,0.9180929095354522,91.80929095354522,0.7946210268948656,0.9339853300733496,0.960880195599022,0.982885085574572,internal_iterative_ca,,0.97933,0.9180929095354522,91.80929095354522
T1134s1,openfold,509,8.023340187807488,36.02156300202478,1.0463411362241946,545.0215630020248,9.069681324031682,0.9389437488979016,0.9520511983747214,0.942391304347826,94.2391304347826,0.8130434782608695,0.9652173913043478,0.991304347826087,1.0,internal_iterative_ca,,0.97541,0.942391304347826,94.2391304347826
T1134s2,openfold,504,7.90373884173922,52.28389416995924,1.6242669162963381,556.2838941699592,9.528005758035558,0.8328043527544774,6.568416096245846,0.8168316831683168,81.68316831683168,0.7178217821782178,0.8217821782178217,0.8415841584158416,0.8861386138613861,internal_iterative_ca,,0.87158,0.8168316831683168,81.68316831683168
T1137s1,openfold,518,8.27252174762291,83.06427833798807,2.6697041330542683,601.0642783379881,10.942225880677178,0.9001421800947866,67.63584035743771,0.0,0.0,0.0,0.0,0.0,0.0,internal_iterative_ca,,0.3517,0.0,0.0
T1137s2,openfold,525,8.31571688928271,60.32902003603522,1.9009334729616065,585.3290200360352,10.216650362244316,0.9382602708285518,38.58209555347168,0.0335820895522388,3.3582089552238807,0.0,0.0,0.0029850746268656,0.1313432835820895,internal_iterative_ca,,0.43276,0.0335820895522388,3.3582089552238807
T1137s3,openfold,531,8.4196141828878,140.01696676795837,4.556361377425971,671.0169667679584,12.97597556031377,0.8964276854378567,52.11555922669392,0.0,0.0,0.0,0.0,0.0,0.0,internal_iterative_ca,,0.41668,0.0,0.0
T1137s4,openfold,536,8.530513872267983,158.54541605897248,5.192423042474001,694.5454160589725,13.722936914741984,0.8552397868561279,63.8793444060247,0.0,0.0,0.0,0.0,0.0,0.0,internal_iterative_ca,,0.32707,0.0,0.0
T1137s5,openfold,532,8.424232570021019,76.25561450305395,2.437549080330693,608.255614503054,10.861781650351713,0.922844998022934,25.312798236153935,0.1145251396648044,11.452513966480447,0.0,0.0,0.0,0.4581005586592179,internal_iterative_ca,,0.45113,0.1145251396648044,11.452513966480447
T1137s6,openfold,520,8.311935585470003,143.63867692404892,4.666389759843515,663.6386769240489,12.978325345313518,0.9022113467464202,19.84716331664225,0.1635338345864661,16.353383458646615,0.0025062656641604,0.0025062656641604,0.3107769423558897,0.3383458646616541,internal_iterative_ca,,0.39697,0.1635338345864661,16.353383458646615
T1137s7,openfold,760,11.53496087800247,227.60086934501305,7.5361304142334395,987.600869345013,19.07109129223591,0.8754078037322197,14.08515386782293,0.6906354515050168,69.06354515050168,0.0,0.8795986622073578,0.939799331103679,0.94314381270903,internal_iterative_ca,,0.96214,0.6906354515050168,69.06354515050168
T1137s8,openfold,507,8.015965457640803,45.068249201984145,1.3375096913916238,552.0682492019841,9.353475149032427,0.9368790411607002,1.1309043431917876,0.9239130434782608,92.3913043478261,0.758893280632411,0.9486166007905138,0.9881422924901184,1.0,internal_iterative_ca,,0.97168,0.9239130434782608,92.3913043478261
T1137s9,openfold,505,7.885226931044782,48.525389201939106,1.4787427647667282,553.5253892019391,9.36396969581151,0.9351422387136672,1.6289943498823003,0.8802281368821293,88.02281368821293,0.6501901140684411,0.9049429657794676,0.9657794676806084,1.0,internal_iterative_ca,,0.9485,0.8802281368821293,88.02281368821293
T1145,openfold,533,8.510541795277907,207.54579043004196,6.904632315109299,740.545790430042,15.415174110387206,0.9198143037829136,4.043748100644423,0.6522943037974683,65.22943037974683,0.1993670886075949,0.6487341772151899,0.7848101265822784,0.97626582278481,internal_iterative_ca,,0.86834,0.6522943037974683,65.22943037974683
T1147,openfold,505,7.879150543068087,20.731632345938124,0.48194756370623737,525.7316323459381,8.361098106774325,0.9580991313234544,0.5698741604050759,0.9809782608695652,98.09782608695652,0.9239130434782608,1.0,1.0,1.0,internal_iterative_ca,,0.97505,0.9809782608695652,98.09782608695652
T1151s2,openfold,505,7.863449589779959,21.85504334094003,0.5176546614479574,526.85504334094,8.381104251227917,0.8866749688667497,1.6805297163867254,0.8988095238095237,89.88095238095238,0.7380952380952381,0.9166666666666666,0.9523809523809524,0.988095238095238,internal_iterative_ca,,0.89216,0.8988095238095237,89.88095238095238
T1155,openfold,501,7.802945852131387,21.314069045940414,0.5175263210178597,522.3140690459404,8.320472173149247,0.6118563392470793,7.4216061204606705,0.5172413793103449,51.72413793103448,0.1120689655172413,0.4396551724137931,0.646551724137931,0.8706896551724138,internal_iterative_ca,,0.62886,0.5172413793103449,51.72413793103448
T1157s2,openfold,574,9.003273729227882,133.74214214808308,4.293601076026703,707.7421421480831,13.296874805254586,0.9056643356643356,9.014849320454974,0.3098060344827586,30.98060344827586,0.0,0.0,0.4762931034482758,0.7629310344827587,internal_iterative_ca,,0.70291,0.3098060344827586,30.98060344827586
T1159,openfold,505,7.89810711090337,26.031810884014703,0.6844735678911402,531.0318108840147,8.58258067879451,0.9612282878411912,0.6823981829252173,0.96875,96.875,0.8875,0.9875,1.0,1.0,internal_iterative_ca,,0.98038,0.96875,96.875
T1183,openfold,521,8.131117050689086,31.415731474990025,0.8900068555787786,552.41573147499,9.021123906267865,0.9503824684721937,0.7788609550986753,0.9666666666666668,96.66666666666669,0.8923076923076924,0.9743589743589745,1.0,1.0,internal_iterative_ca,,0.98044,0.9666666666666668,96.66666666666669
T1185s1,openfold,534,8.388926013571812,61.811412112088874,1.9364726808626176,595.8114121120889,10.32539869443443,0.8646833013435701,8.484627245199295,0.6428571428571429,64.28571428571429,0.0,0.8285714285714286,0.8714285714285714,0.8714285714285714,internal_iterative_ca,,0.84261,0.6428571428571429,64.28571428571429
T1185s2,openfold,539,8.50822798175908,67.7366032799473,2.155823559289068,606.7366032799473,10.664051541048147,0.8524366335247163,5.077379779286955,0.7332268370607029,73.3226837060703,0.5814696485623003,0.7060702875399361,0.7763578274760383,0.8690095846645367,internal_iterative_ca,,0.85514,0.7332268370607029,73.3226837060703
T1185s4,openfold,526,8.28631436185731,44.10064094502013,1.348936254774976,570.1006409450201,9.635250616632286,0.8757163985949343,1.502157245425123,0.920940170940171,92.0940170940171,0.7692307692307693,0.9487179487179488,0.97008547008547,0.9957264957264956,internal_iterative_ca,,0.96134,0.920940170940171,92.0940170940171
T1194,openfold,509,7.979746492456259,26.70528843603097,0.7035983280281953,535.705288436031,8.683344820484455,0.9647255002565418,0.7028920624600894,0.975609756097561,97.5609756097561,0.9207317073170732,0.9878048780487804,0.9939024390243902,1.0,internal_iterative_ca,,0.98515,0.975609756097561,97.5609756097561
T1212,openfold,531,8.435638057219712,113.8536024360219,3.647040522747995,644.8536024360219,12.082678579967707,0.9307490083940596,1.591829578490522,0.8476394849785408,84.76394849785407,0.5515021459227468,0.8583690987124464,0.9828326180257512,0.9978540772532188,internal_iterative_ca,,0.96455,0.8476394849785408,84.76394849785407
T1227s1,openfold,508,8.139007376423903,91.63347373600118,2.9732537895905957,599.6334737360012,11.112261166014498,0.9098795304777596,1.1562115676979252,0.917091836734694,91.70918367346938,0.7372448979591837,0.9413265306122448,0.9897959183673468,1.0,internal_iterative_ca,,0.97662,0.917091836734694,91.70918367346938
T1266,openfold,539,8.506983475778876,56.646590612013824,1.786067381578376,595.6465906120138,10.293050857357251,0.9423312465977136,1.1161454078233055,0.8968120805369127,89.68120805369128,0.6375838926174496,0.9496644295302014,1.0,1.0,internal_iterative_ca,,0.97075,0.8968120805369127,89.68120805369128
T1272s2,openfold,510,8.093888528963328,62.57255149201956,2.016216363927552,572.5725514920196,10.110104892890881,0.860591620212192,41.18169237985639,0.3556782334384858,35.56782334384858,0.0,0.0,0.694006309148265,0.7287066246056783,internal_iterative_ca,,0.70411,0.3556782334384858,35.56782334384858
T1272s3,openfold,502,7.983690470977788,51.65915359801147,1.636072605509563,553.6591535980115,9.61976307648735,0.7961028525512255,14.03325522523702,0.1135496183206107,11.35496183206107,0.0,0.0,0.148854961832061,0.3053435114503817,internal_iterative_ca,,0.4694,0.1135496183206107,11.35496183206107
T1272s4,openfold,508,8.003784313647538,46.99368206807412,1.4302670077168806,554.9936820680741,9.434051321364418,0.8580755323423062,10.939006548847146,0.2258364312267658,22.58364312267658,0.0,0.0,0.3494423791821561,0.5539033457249071,internal_iterative_ca,,0.49598,0.2258364312267658,22.58364312267658
T1272s5,openfold,510,8.06280811519442,47.35274493205361,1.466816350311863,557.3527449320536,9.529624465506283,0.8406274980015987,11.270051748812929,0.240530303030303,24.053030303030305,0.0,0.0037878787878787,0.3560606060606061,0.6022727272727273,internal_iterative_ca,,0.47059,0.240530303030303,24.053030303030305
T1272s6,openfold,554,8.76354056421374,193.09741554805078,6.458831276695132,747.0974155480508,15.22237184090887,0.8633479335130279,19.476473867306726,0.2831249999999999,28.3125,0.0,0.0,0.5475,0.585,internal_iterative_ca,,0.59591,0.2831249999999999,28.3125
T1272s7,openfold,512,8.041406234300116,37.63912644702941,1.1080815588982493,549.6391264470294,9.149487793198364,0.7606100795755968,25.462039918015595,0.0,0.0,0.0,0.0,0.0,0.0,internal_iterative_ca,,0.47664,0.0,0.0
T1272s9,openfold,507,7.999213748677339,37.14713814295828,1.089206760780211,544.1471381429583,9.08842050945755,0.8796370429677075,1.734039840302645,0.9128571428571428,91.28571428571428,0.7885714285714286,0.9085714285714286,0.9542857142857144,1.0,internal_iterative_ca,,0.94086,0.9128571428571428,91.28571428571428
T1280,openfold,536,8.39781342980597,38.777008082019165,1.1199061007298707,574.7770080820192,9.51771953053584,0.9244261761354388,1.1677637592026366,0.9252136752136751,92.52136752136752,0.782051282051282,0.935897435897436,0.9829059829059827,1.0,internal_iterative_ca,,0.96866,0.9252136752136751,92.52136752136752
T1299,openfold,498,7.888950611772016,27.16268241009675,0.7326862871561565,525.1626824100967,8.621636898928172,0.9502158661629788,0.937775765797083,0.9479166666666666,94.79166666666666,0.8273809523809523,0.9702380952380952,0.9940476190476192,1.0,internal_iterative_ca,,0.96889,0.9479166666666666,94.79166666666666
T1104,protenix,482,7.350704907507474,81.12402988492977,1.212709616715177,563.1240298849298,8.563414524222651,0.7916192643155102,3.628345231823239,0.7999999999999999,80.0,0.5652173913043478,0.8,0.8869565217391304,0.9478260869565216,internal_iterative_ca,,0.83481,0.7999999999999999,80.0
T1106s1,protenix,495,7.709543275974767,82.31329041300341,1.2547042365522736,577.3132904130034,8.96424751252704,0.8892709766162311,10.03267306862216,0.4929577464788732,49.29577464788733,0.028169014084507,0.4084507042253521,0.7323943661971831,0.8028169014084507,internal_iterative_ca,,0.6074,0.4929577464788732,49.29577464788733
T1106s2,protenix,514,7.981798740830475,82.32879552303348,1.2447296485347896,596.3287955230335,9.226528389365264,0.9541062801932368,1.5229938045040714,0.9436936936936936,94.36936936936937,0.8558558558558559,0.954954954954955,0.963963963963964,1.0,internal_iterative_ca,,0.94415,0.9436936936936936,94.36936936936937
T1112,protenix,503,8.079588193289556,95.26378567190841,1.7939052024381317,598.2637856719084,9.873493395727689,0.8919005374051011,3.063812625660104,0.7438616071428571,74.38616071428571,0.4263392857142857,0.7008928571428571,0.8794642857142857,0.96875,internal_iterative_ca,,0.904,0.7438616071428571,74.38616071428571
T1114s1,protenix,487,7.695032424384155,82.368422608939,1.277488508999492,569.368422608939,8.972520933383647,0.8302884615384615,11.183106924595346,0.288135593220339,28.8135593220339,0.0,0.0,0.3728813559322034,0.7796610169491526,internal_iterative_ca,,0.51656,0.288135593220339,28.8135593220339
T1114s2,protenix,494,7.837557282486434,89.94213084201328,1.5761146337568488,583.9421308420133,9.413671916243283,0.9404775344321517,1.0503553703796058,0.9526397515527952,95.26397515527952,0.860248447204969,0.9627329192546584,0.9906832298136646,0.9968944099378882,internal_iterative_ca,,0.98136,0.9526397515527952,95.26397515527952
T1114s3,protenix,512,8.204328002005301,110.24890143296216,2.2221594348371605,622.2489014329622,10.42648743684246,0.9373178276128724,1.7940993099557914,0.96337890625,96.337890625,0.89453125,0.98046875,0.98828125,0.990234375,internal_iterative_ca,,0.98301,0.96337890625,96.337890625
T1120,protenix,500,7.878973354006212,88.07998579193372,1.379966241297617,588.0799857919337,9.25893959530383,0.9184569184569183,8.107223662856427,0.3245614035087719,32.45614035087719,0.0131578947368421,0.0745614035087719,0.5219298245614035,0.6885964912280702,internal_iterative_ca,,0.52212,0.3245614035087719,32.45614035087719
T1122,protenix,506,8.002479920429582,83.9205211000517,1.326892258181896,589.9205211000517,9.329372178611479,0.4489819004524887,19.74106502402421,0.1239130434782608,12.391304347826086,0.0,0.0043478260869565,0.1608695652173913,0.3304347826086956,internal_iterative_ca,,0.3107,0.1239130434782608,12.391304347826086
T1129s2,protenix,494,8.014984531996308,117.39841918204911,2.596441015519808,611.3984191820491,10.611425547516117,0.6637008101851852,4.612226832092522,0.6590909090909091,65.9090909090909,0.4147727272727273,0.5965909090909091,0.7386363636363636,0.8863636363636364,internal_iterative_ca,,0.86829,0.6590909090909091,65.9090909090909
T1133,protenix,538,8.533183673811552,110.41018849494867,2.331340964658542,648.4101884949487,10.864524638470094,0.9288173721421356,6.551496898861971,0.9333740831295844,93.33740831295844,0.8557457212713936,0.9290953545232272,0.9657701711491442,0.982885085574572,internal_iterative_ca,,0.98336,0.9333740831295844,93.33740831295844
T1134s1,protenix,509,8.023340187807488,81.86180328193586,1.2961040288468741,590.8618032819359,9.319444216654363,0.964821019220596,0.8278329834792544,0.9641304347826088,96.41304347826087,0.8869565217391304,0.9782608695652174,0.991304347826087,1.0,internal_iterative_ca,,0.9827,0.9641304347826088,96.41304347826087
T1134s2,protenix,504,7.90373884173922,85.70625622093212,1.4285901319452123,589.7062562209321,9.332328973684433,0.8418725912491499,6.4370195729799535,0.8131188118811881,81.3118811881188,0.693069306930693,0.8267326732673267,0.8465346534653465,0.8861386138613861,internal_iterative_ca,,0.87199,0.8131188118811881,81.3118811881188
T1137s1,protenix,518,8.27252174762291,91.73223727603909,1.6533145559347573,609.7322372760391,9.925836303557668,0.8806635071090048,70.17801400231785,0.0,0.0,0.0,0.0,0.0,0.0,internal_iterative_ca,,0.32427,0.0,0.0
T1137s2,protenix,525,8.31571688928271,88.26466016098857,1.5108026115778135,613.2646601609886,9.826519500860524,0.8866766123479459,55.21621974767272,0.0,0.0,0.0,0.0,0.0,0.0,internal_iterative_ca,,0.41029,0.0,0.0
T1137s3,protenix,531,8.4196141828878,103.9738433540333,2.0947098207842436,634.9738433540333,10.514324003672044,0.8788141900272886,55.2770161190375,0.0,0.0,0.0,0.0,0.0,0.0,internal_iterative_ca,,0.41475,0.0,0.0
T1137s4,protenix,536,8.530513872267983,106.54349866404664,2.1875885028740245,642.5434986640466,10.718102375142008,0.8462255772646536,63.53234233133683,0.0,0.0,0.0,0.0,0.0,0.0,internal_iterative_ca,,0.31018,0.0,0.0
T1137s5,protenix,532,8.424232570021019,90.4783271739725,1.6109777516271877,622.4783271739725,10.035210321648206,0.8890371688414394,64.48898554061651,0.0,0.0,0.0,0.0,0.0,0.0,internal_iterative_ca,,0.35229,0.0,0.0
T1137s6,protenix,520,8.311935585470003,105.4403601809172,2.1393031488335827,625.4403601809172,10.451238734303587,0.8909733550842849,59.536855217075136,0.0,0.0,0.0,0.0,0.0,0.0,internal_iterative_ca,,0.34715,0.0,0.0
T1137s7,protenix,760,11.53496087800247,124.59804786799941,2.8017754511517854,884.5980478679994,14.336736329154256,0.8782787420070469,15.262644103800366,0.810200668896321,81.0200668896321,0.5451505016722408,0.8127090301003345,0.939799331103679,0.94314381270903,internal_iterative_ca,,0.95469,0.810200668896321,81.0200668896321
T1137s8,protenix,507,8.015965457640803,84.84409228491131,1.3821836199096096,591.8440922849113,9.398149077550412,0.9240261788361458,1.470729823669977,0.8932806324110673,89.32806324110672,0.6837944664031621,0.9130434782608696,0.9802371541501976,0.9960474308300395,internal_iterative_ca,,0.95631,0.8932806324110673,89.32806324110672
T1137s9,protenix,505,7.885226931044782,85.1377299069427,1.4107489858280806,590.1377299069427,9.295975916872862,0.9313543599257884,1.5945632685726536,0.8925855513307985,89.25855513307985,0.6806083650190115,0.9277566539923956,0.973384030418251,0.988593155893536,internal_iterative_ca,,0.95832,0.8925855513307985,89.25855513307985
T1145,protenix,533,8.510541795277907,117.25000947504304,2.550150564536761,650.250009475043,11.060692359814668,0.9407698056801196,3.191311605217437,0.7005537974683544,70.05537974683544,0.2594936708860759,0.7215189873417721,0.8354430379746836,0.985759493670886,internal_iterative_ca,,0.91228,0.7005537974683544,70.05537974683544
T1147,protenix,505,7.879150543068087,81.72204845701344,1.2262348553578941,586.7220484570134,9.10538539842598,0.986969851814001,0.4110440512970988,0.9945652173913044,99.45652173913044,0.9782608695652174,1.0,1.0,1.0,internal_iterative_ca,,0.98682,0.9945652173913044,99.45652173913044
T1151s2,protenix,505,7.863449589779959,80.53788404993247,1.2312573681551353,585.5378840499325,9.094706957935095,0.8862079701120797,2.630737582894452,0.8720238095238095,87.20238095238095,0.6904761904761905,0.8928571428571429,0.9285714285714286,0.9761904761904762,internal_iterative_ca,,0.88517,0.8720238095238095,87.20238095238095
T1155,protenix,501,7.802945852131387,81.29008776694536,1.2298050784623704,582.2900877669454,9.032750930593757,0.5936823885763739,6.985943147315068,0.5280172413793103,52.80172413793103,0.2758620689655172,0.4137931034482758,0.5775862068965517,0.8448275862068966,internal_iterative_ca,,0.60873,0.5280172413793103,52.80172413793103
T1157s2,protenix,574,9.003273729227882,102.46944003901444,2.0064735953165447,676.4694400390144,11.009747324544426,0.9075058275058276,10.31646213817761,0.2936422413793103,29.364224137931032,0.0,0.0021551724137931,0.418103448275862,0.7543103448275862,internal_iterative_ca,,0.64124,0.2936422413793103,29.364224137931032
T1159,protenix,505,7.89810711090337,81.59585086605512,1.255890291824664,586.5958508660551,9.153997402728034,0.9725186104218362,0.5381214929873738,0.9828125,98.28125,0.9375,0.99375,1.0,1.0,internal_iterative_ca,,0.98792,0.9828125,98.28125
T1183,protenix,521,8.131117050689086,81.8270315049449,1.2656022156519957,602.8270315049449,9.396719266341082,0.9616497829232996,0.8012253950191454,0.9692307692307692,96.92307692307692,0.9025641025641026,0.9846153846153848,0.9897435897435898,1.0,internal_iterative_ca,,0.98212,0.9692307692307692,96.92307692307692
T1185s1,protenix,534,8.388926013571812,88.3897415389074,1.5153472843210753,622.3897415389074,9.904273297892887,0.8476487523992322,10.808937403979568,0.4214285714285714,42.142857142857146,0.0,0.0,0.8285714285714286,0.8571428571428571,internal_iterative_ca,,0.80626,0.4214285714285714,42.142857142857146
T1185s2,protenix,539,8.50822798175908,89.11400939396117,1.552863765186373,628.1140093939612,10.061091746945452,0.8403234841058675,8.076084967213355,0.7036741214057508,70.36741214057508,0.5399361022364217,0.6869009584664537,0.7667731629392971,0.8210862619808307,internal_iterative_ca,,0.80089,0.7036741214057508,70.36741214057508
T1185s4,protenix,526,8.28631436185731,83.4260421450017,1.3582739555178673,609.4260421450017,9.644588317375177,0.8694767979293769,1.5115492273763398,0.9113247863247864,91.13247863247864,0.7435897435897436,0.9401709401709402,0.9615384615384616,1.0,internal_iterative_ca,,0.95946,0.9113247863247864,91.13247863247864
T1194,protenix,509,7.979746492456259,83.03511042299215,1.2740391489129468,592.0351104229921,9.253785641369205,0.9772319138019496,0.5771958597174006,0.9832317073170732,98.32317073170732,0.951219512195122,0.9878048780487804,0.9939024390243902,1.0,internal_iterative_ca,,0.99069,0.9832317073170732,98.32317073170732
T1212,protenix,531,8.435638057219712,98.14422930998262,1.8611224031388711,629.1442293099826,10.296760460358584,0.9200258278756572,2.218987744256667,0.755901287553648,75.5901287553648,0.3905579399141631,0.6931330472103004,0.946351931330472,0.9935622317596566,internal_iterative_ca,,0.93702,0.755901287553648,75.5901287553648
T1227s1,protenix,508,8.139007376423903,92.56986814702395,1.7030522865272855,600.569868147024,9.842059662951188,0.912144769357496,1.1548387209016873,0.8864795918367346,88.64795918367346,0.6173469387755102,0.9362244897959184,0.9923469387755102,1.0,internal_iterative_ca,,0.97594,0.8864795918367346,88.64795918367346
T1266,protenix,539,8.506983475778876,87.28069665294606,1.4730732952924557,626.2806966529461,9.980056771071332,0.9567909635274904,0.69193626500196,0.979026845637584,97.90268456375838,0.9228187919463088,0.9932885906040269,1.0,1.0,internal_iterative_ca,,0.98849,0.979026845637584,97.90268456375838
T1272s2,protenix,510,8.093888528963328,88.02971630496904,1.5116650411497128,598.029716304969,9.605553570113042,0.8609512677575976,29.421964346971404,0.1845425867507886,18.454258675078865,0.0,0.0,0.0063091482649842,0.7318611987381703,internal_iterative_ca,,0.71031,0.1845425867507886,18.454258675078865
T1272s3,protenix,502,7.983690470977788,86.9946009729756,1.4397309168517538,588.9946009729756,9.423421387829542,0.7646645239051828,26.26957423830449,0.0391221374045801,3.912213740458016,0.0,0.0038167938931297,0.0038167938931297,0.148854961832061,internal_iterative_ca,,0.3892,0.0391221374045801,3.912213740458016
T1272s4,protenix,508,8.003784313647538,83.404880492948,1.3660290247376108,591.404880492948,9.369813338385148,0.8174969867416633,17.252702833707882,0.0,0.0,0.0,0.0,0.0,0.0,internal_iterative_ca,,0.37743,0.0,0.0
T1272s5,protenix,510,8.06280811519442,85.25572486803867,1.3965865399737503,595.2557248680387,9.45939465516817,0.7729816147082333,32.061891446923475,0.0,0.0,0.0,0.0,0.0,0.0,internal_iterative_ca,,0.3266,0.0,0.0
T1272s6,protenix,554,8.76354056421374,116.41430995799601,2.534585188889641,670.414309957996,11.298125753103381,0.8703110961365679,18.46194756223287,0.289375,28.937500000000004,0.0,0.0,0.56,0.5975,internal_iterative_ca,,0.58041,0.289375,28.937500000000004
T1272s7,protenix,512,8.041406234300116,84.40618981304578,1.3431341389658582,596.4061898130458,9.384540373265974,0.736737400530504,48.5673618279658,0.0,0.0,0.0,0.0,0.0,0.0,internal_iterative_ca,,0.42719,0.0,0.0
T1272s9,protenix,507,7.999213748677339,83.81034135597292,1.3242583029247506,590.8103413559729,9.323472051602089,0.8669602348545503,2.4225100689928367,0.8785714285714286,87.85714285714286,0.7085714285714285,0.9028571428571428,0.9371428571428572,0.9657142857142856,internal_iterative_ca,,0.91943,0.8785714285714286,87.85714285714286
T1280,protenix,536,8.39781342980597,83.2101903569419,1.3361310948862917,619.2101903569419,9.733944524692262,0.9643089695588476,0.7786365287357571,0.97008547008547,97.008547008547,0.9017094017094016,0.9829059829059827,0.9957264957264956,1.0,internal_iterative_ca,,0.98717,0.97008547008547,97.008547008547
T1299,protenix,498,7.888950611772016,83.49166978197172,1.2904100519047912,581.4916697819717,9.179360663676807,0.944886670264436,0.989023091470028,0.9315476190476192,93.15476190476193,0.7559523809523809,0.9702380952380952,1.0,1.0,internal_iterative_ca,,0.96444,0.9315476190476192,93.15476190476193
T1104,af2,1040.379951,27.048911345309097,110.992000,3.2751721087968098,1151.3719509999999,30.324083454105907,0.8779863481228669,1.5565307713868923,0.8826086956521739,88.26086956521739,0.6173913043478261,0.9478260869565216,0.9739130434782608,0.991304347826087,internal_iterative_ca,,0.91919,0.8826086956521739,88.26086956521739
T1106s1,af2,1013.433652,26.501233673908224,106.003626,3.326938593232251,1119.437278,29.828172267140474,0.9054332874828062,3.577608054739614,0.6056338028169014,60.56338028169014,0.0,0.647887323943662,0.7746478873239436,1.0,internal_iterative_ca,,0.7124,0.6056338028169014,60.56338028169014
T1106s2,af2,4101.883428,107.27717390554155,109.464331,3.384705881766351,4211.347759,110.6618797873079,0.9523495827843654,1.501645872408519,0.9301801801801802,93.01801801801804,0.8018018018018018,0.954954954954955,0.963963963963964,1.0,internal_iterative_ca,,0.93735,0.9301801801801802,93.01801801801804
T1112,af2,1264.396399,33.080941116761075,154.866621,5.872379461873592,1419.2630199999999,38.95332057863467,0.8851189968438112,3.3630817355803595,0.7455357142857143,74.55357142857143,0.4709821428571428,0.703125,0.84375,0.9642857142857144,internal_iterative_ca,,0.89039,0.7455357142857143,74.55357142857143
T1114s1,af2,1051.872223,27.58882470499923,111.247427,3.52416638379703,1163.11965,31.11299108879626,0.8480769230769231,13.37117199450877,0.5847457627118644,58.47457627118644,0.0169491525423728,0.576271186440678,0.864406779661017,0.8813559322033898,internal_iterative_ca,,0.68166,0.5847457627118644,58.47457627118644
T1114s2,af2,1240.840949,32.44997539875634,145.730290,5.275006191097517,1386.5712389999999,37.724981589853854,0.9206367125762024,1.1811613541064534,0.9340062111801242,93.40062111801242,0.8043478260869565,0.9472049689440992,0.984472049689441,1.0,internal_iterative_ca,,0.97575,0.9340062111801242,93.40062111801242
T1114s3,af2,1274.640950,33.474892227827574,198.523135,7.861954007616014,1473.164085,41.33684623544359,0.9412884420914877,0.8435022708019326,0.95849609375,95.849609375,0.845703125,0.990234375,0.998046875,1.0,internal_iterative_ca,,0.98967,0.95849609375,95.849609375
T1120,af2,1066.922621,28.04957100543446,117.319802,3.902175286461129,1184.242423,31.95174629189559,0.8987063987063986,7.631947048973557,0.3256578947368421,32.56578947368421,0.0043859649122807,0.0614035087719298,0.5219298245614035,0.7149122807017544,internal_iterative_ca,,0.51913,0.3256578947368421,32.56578947368421
T1122,af2,1005.633554,26.39890397344799,119.303781,3.840496401866598,1124.937335,30.239400375314588,0.4196832579185521,23.598504969203443,0.133695652173913,13.369565217391305,0.0,0.0,0.108695652173913,0.4260869565217391,internal_iterative_ca,,0.38702,0.133695652173913,13.369565217391305
T1129s2,af2,1279.629845,33.558074222563974,205.681160,8.191885908388805,1485.311005,41.74996013095278,0.6438078703703703,4.867951040875987,0.6590909090909091,65.9090909090909,0.4242424242424242,0.5833333333333334,0.7367424242424242,0.8920454545454546,internal_iterative_ca,,0.8565,0.6590909090909091,65.9090909090909
T1133,af2,6211.609502,162.70511879400988,216.776539,8.533482159390376,6428.386041000001,171.23860095340027,0.913460655587182,8.983100384558677,0.9199266503667484,91.99266503667482,0.7995110024449877,0.9339853300733496,0.9633251833740832,0.982885085574572,internal_iterative_ca,,0.9792,0.9199266503667484,91.99266503667482
T1134s1,af2,2839.525997,74.50662290442791,116.645975,3.8236533194352416,2956.171972,78.33027622386315,0.9243519661435372,1.2490844532192789,0.9130434782608696,91.30434782608695,0.7434782608695653,0.9347826086956522,0.9739130434782608,1.0,internal_iterative_ca,,0.96284,0.9130434782608696,91.30434782608695
T1134s2,af2,1138.702128,29.89727369169084,131.824952,4.564093491957239,1270.5270799999998,34.46136718364808,0.8320675583767853,6.6020635290455365,0.8106435643564356,81.06435643564356,0.693069306930693,0.8217821782178217,0.8415841584158416,0.8861386138613861,internal_iterative_ca,,0.87177,0.8106435643564356,81.06435643564356
T1137s1,af2,1518.098749,39.95958716112097,154.727693,5.552085282649012,1672.826442,45.51167244376998,0.8939336492890995,32.1859185711586,0.0006377551020408,0.0637755102040816,0.0,0.0,0.0,0.0025510204081632,internal_iterative_ca,,0.40345,0.0006377551020408,0.0637755102040816
T1137s2,af2,1358.867223,35.43619738937031,140.725375,4.828222337760211,1499.592598,40.264419727130516,0.9344732614184073,42.53839819828597,0.0007462686567164,0.0746268656716418,0.0,0.0,0.0,0.0029850746268656,internal_iterative_ca,,0.44779,0.0007462686567164,0.0746268656716418
T1137s3,af2,1711.915876,45.062450796272955,180.424943,7.142965300441799,1892.340819,52.20541609671476,0.9103820391962292,54.12575388508395,0.0,0.0,0.0,0.0,0.0,0.0,internal_iterative_ca,,0.39841,0.0,0.0
T1137s4,af2,1752.921203,45.983131956863495,203.609677,7.972779575005137,1956.53088,53.95591153186863,0.8104351687388988,60.80513127463133,0.0,0.0,0.0,0.0,0.0,0.0,internal_iterative_ca,,0.32825,0.0,0.0
T1137s5,af2,1417.824439,37.122772447638184,150.445989,5.401460111709317,1568.270428,42.5242325593475,0.9152332937920126,16.896486075626374,0.1166201117318435,11.66201117318436,0.0,0.0,0.0027932960893854,0.4636871508379888,internal_iterative_ca,,0.44858,0.1166201117318435,11.66201117318436
T1137s6,af2,1623.222129,42.60559112599992,189.162171,7.247503777700115,1812.3843,49.85309490370004,0.9113648722131592,19.93448521568467,0.0582706766917293,5.827067669172932,0.0,0.0,0.0,0.2330827067669172,internal_iterative_ca,,0.42447,0.0582706766917293,5.827067669172932
T1137s7,af2,7929.586827,210.2423102200502,242.145751,9.741252628301218,8171.732578,219.98356284835143,0.8757014224194181,14.1954725033778,0.6822742474916388,68.22742474916387,0.0033444816053511,0.842809364548495,0.939799331103679,0.94314381270903,internal_iterative_ca,,0.95857,0.6822742474916388,68.22742474916387
T1137s8,af2,1097.068322,28.656976929222605,123.273502,4.151840720226491,1220.341824,32.8088176494491,0.9196104715344584,1.3037005850428185,0.900197628458498,90.01976284584981,0.6758893280632411,0.9407114624505928,0.984189723320158,1.0,internal_iterative_ca,,0.96285,0.900197628458498,90.01976284584981
T1137s9,af2,1114.999834,29.308623511852996,127.525382,4.336482320396153,1242.525216,33.64510583224915,0.9378092145949288,1.591403758825392,0.876425855513308,87.6425855513308,0.6501901140684411,0.8897338403041825,0.9657794676806084,1.0,internal_iterative_ca,,0.94774,0.876425855513308,87.6425855513308
T1145,af2,1349.027748,35.56024351510846,228.669841,9.230917443341493,1577.6975889999999,44.79116095844995,0.932376106703461,3.243340298664598,0.7579113924050632,75.79113924050633,0.5268987341772152,0.6867088607594937,0.8275316455696202,0.990506329113924,internal_iterative_ca,,0.90711,0.7579113924050632,75.79113924050633
T1147,af2,1028.139905,27.00101312096678,109.867023,3.3017142488403017,1138.006928,30.30272736980708,0.9583546244251404,0.5590734789707198,0.9809782608695652,98.09782608695652,0.9239130434782608,1.0,1.0,1.0,internal_iterative_ca,,0.97584,0.9809782608695652,98.09782608695652
T1151s2,af2,1016.393052,26.64071918141504,101.321376,3.045412649800561,1117.714428,29.6861318312156,0.87686799501868,1.86975474630148,0.8809523809523809,88.09523809523809,0.7023809523809523,0.8809523809523809,0.9523809523809524,0.988095238095238,internal_iterative_ca,,0.87765,0.8809523809523809,88.09523809523809
T1155,af2,1023.623796,26.82502872566134,102.127192,3.2085361961330165,1125.750988,30.03356492179436,0.6101254868022501,7.520978501908551,0.4978448275862068,49.78448275862068,0.043103448275862,0.4137931034482758,0.6637931034482759,0.8706896551724138,internal_iterative_ca,,0.60574,0.4978448275862068,49.78448275862068
T1157s2,af2,1783.580493,46.97689060596048,175.961518,6.692659795024452,1959.542011,53.66955040098493,0.9195804195804196,6.634234451176138,0.3938577586206896,39.38577586206897,0.0,0.0021551724137931,0.6379310344827587,0.9353448275862069,internal_iterative_ca,,0.76603,0.3938577586206896,39.38577586206897
T1159,af2,1029.194291,27.007875428849644,99.327662,3.1637673244668987,1128.521953,30.171642753316544,0.963895781637717,0.6684091000721666,0.9703125,97.03125,0.9,0.98125,1.0,1.0,internal_iterative_ca,,0.98119,0.9703125,97.03125
T1183,af2,1083.014001,28.373228947791322,105.338065,3.502569359412075,1188.352066,31.875798307203397,0.9460926193921853,1.212480469817416,0.946153846153846,94.6153846153846,0.8461538461538461,0.953846153846154,0.9897435897435898,0.9948717948717948,internal_iterative_ca,,0.97055,0.946153846153846,94.6153846153846
T1185s1,af2,27.634191,0.6133563186381221,138.996576,4.9344697360640115,166.630767,5.547826054702133,0.8565259117082533,8.93166319457794,0.6464285714285715,64.64285714285715,0.0142857142857142,0.8285714285714286,0.8714285714285714,0.8714285714285714,internal_iterative_ca,,0.83254,0.6464285714285715,64.64285714285715
T1185s2,af2,27.912253,0.6337924294636725,137.362398,4.957343197672416,165.274651,5.591135627136088,0.8554474163282454,7.596197308021409,0.7164536741214057,71.64536741214057,0.597444089456869,0.6869009584664537,0.7603833865814696,0.8210862619808307,internal_iterative_ca,,0.82528,0.7164536741214057,71.64536741214057
T1185s4,af2,1353.946541,35.516077902389654,119.370156,4.134820093766947,1473.316697,39.6508979961566,0.8715566648178961,1.5131201871404447,0.9198717948717948,91.98717948717947,0.7777777777777778,0.9444444444444444,0.9615384615384616,0.9957264957264956,internal_iterative_ca,,0.96063,0.9198717948717948,91.98717948717947
T1194,af2,1040.458975,27.236000141153482,100.935586,3.194037105904998,1141.394561,30.43003724705848,0.8805156490507953,1.969270835679928,0.853658536585366,85.3658536585366,0.6280487804878049,0.8475609756097561,0.945121951219512,0.9939024390243902,internal_iterative_ca,,0.90513,0.853658536585366,85.3658536585366
T1212,af2,1368.750749,35.84029988225594,168.927914,6.3528330874641865,1537.6786630000001,42.193132969720125,0.9240614334470988,2.286533270866999,0.7752145922746781,77.52145922746782,0.482832618025751,0.6781115879828327,0.9506437768240344,0.9892703862660944,internal_iterative_ca,,0.9357,0.7752145922746781,77.52145922746782
T1227s1,af2,1268.619721,33.12287902737981,162.210758,5.9885585678966455,1430.830479,39.111437595276456,0.9091330313014828,1.1928052996748917,0.9017857142857144,90.17857142857144,0.6785714285714286,0.9362244897959184,0.9923469387755102,1.0,internal_iterative_ca,,0.97486,0.9017857142857144,90.17857142857144
T1266,af2,3319.203990,87.41928512385202,125.973391,4.460744389659158,3445.177381,91.88002951351118,0.6836213935764834,14.338844980697914,0.1526845637583892,15.268456375838928,0.0,0.0,0.0033557046979865,0.6073825503355704,internal_iterative_ca,,0.65437,0.1526845637583892,15.268456375838928
T1272s2,af2,1182.115565,30.896293593978154,144.359712,5.119568663395864,1326.475277,36.01586225737402,0.864502787268477,38.44970412696788,0.3596214511041009,35.96214511041009,0.0,0.0,0.7066246056782335,0.7318611987381703,internal_iterative_ca,,0.70637,0.3596214511041009,35.96214511041009
T1272s3,af2,1113.344034,29.218645653196546,131.452944,4.3896710889860975,1244.7969779999999,33.608316742182645,0.8075532342306146,11.214157308075286,0.1316793893129771,13.16793893129771,0.0,0.0,0.0954198473282442,0.4312977099236641,internal_iterative_ca,,0.47625,0.1316793893129771,13.16793893129771
T1272s4,af2,1107.442452,29.088683446997468,129.087369,4.315395549429762,1236.529821,33.40407899642723,0.8592808356769788,11.847923228688035,0.2239776951672862,22.397769516728623,0.0,0.0,0.3643122676579926,0.5315985130111525,internal_iterative_ca,,0.47367,0.2239776951672862,22.397769516728623
T1272s5,af2,1105.656933,29.025677044204944,128.254675,4.247793910626903,1233.911608,33.27347095483185,0.8495203836930455,11.51057352052228,0.2301136363636363,23.01136363636364,0.0,0.0,0.3409090909090909,0.5795454545454546,internal_iterative_ca,,0.48204,0.2301136363636363,23.01136363636364
T1272s6,af2,1468.894615,38.64894724991445,210.631367,8.469146734575041,1679.5259819999999,47.11809398448949,0.8927729110512129,19.919265675575637,0.425625,42.5625,0.0025,0.5475,0.5675,0.585,internal_iterative_ca,,0.6072,0.425625,42.5625
T1272s7,af2,1159.520757,30.201622012050173,119.624213,3.9488209480124232,1279.14497,34.1504429600626,0.7581233421750663,34.3530995844346,0.0,0.0,0.0,0.0,0.0,0.0,internal_iterative_ca,,0.42941,0.0,0.0
T1272s9,af2,1165.687333,30.539874191055453,117.600953,3.93696373985423,1283.288286,34.47683793090968,0.8766346410461703,1.6422068903061535,0.9071428571428573,90.71428571428572,0.7542857142857143,0.9085714285714286,0.9657142857142856,1.0,internal_iterative_ca,,0.94433,0.9071428571428573,90.71428571428572
T1280,af2,1133.862199,29.686911991484592,119.558567,3.9850188455094053,1253.420766,33.671930836994,0.940297900048836,0.871127793758384,0.9497863247863249,94.97863247863248,0.8461538461538461,0.9572649572649572,0.9957264957264956,1.0,internal_iterative_ca,,0.97967,0.9497863247863249,94.97863247863248
T1299,af2,1187.231218,30.153096963839396,101.743525,3.5166292887117434,1288.974743,33.669726252551136,0.9494738262277388,0.8139905182924356,0.9553571428571428,95.53571428571428,0.8392857142857143,0.9821428571428572,1.0,1.0,internal_iterative_ca,,0.97398,0.9553571428571428,95.53571428571428
