{
  "model": "NequIP",
  "structure": "LGPS_mp-696128",
  "temperature_K": 600,
  "equilibration_ps": 10,
  "production_ps": 50,
  "timestep_fs": 2.0,
  "traj_interval": 50,
  "num_seeds": 3,
  "seeds": [
    42,
    43,
    44
  ],
  "accuracy": {
    "rdf_mae": {
      "Li-Ge": 0.006881,
      "Li-Li": 0.017354,
      "Li-P": 0.009058,
      "Li-S": 0.027534,
      "average": 0.015207
    },
    "rdf_score": {
      "Li-Ge": 0.993166,
      "Li-Li": 0.982942,
      "Li-P": 0.991023,
      "Li-S": 0.973204,
      "average": 0.985084
    },
    "msd_mae": 20.078362,
    "msd_score": 0.047442,
    "diffusivity_mlip_cm2s": 1.6069995872834912e-05,
    "diffusivity_aimd_cm2s": 2.2067535826699325e-06,
    "diffusivity_relative_error": 6.282189
  }
}