{
  "model": "Nequix",
  "structure": "LGPS_mp-696128",
  "temperature_K": 600,
  "equilibration_ps": 10,
  "production_ps": 50,
  "timestep_fs": 2.0,
  "traj_interval": 50,
  "num_seeds": 3,
  "seeds": [
    42,
    43,
    44
  ],
  "accuracy": {
    "rdf_mae": {
      "Li-Ge": 0.009162,
      "Li-Li": 0.019842,
      "Li-P": 0.011779,
      "Li-S": 0.036845,
      "average": 0.019407
    },
    "rdf_score": {
      "Li-Ge": 0.990921,
      "Li-Li": 0.980544,
      "Li-P": 0.988358,
      "Li-S": 0.964464,
      "average": 0.981072
    },
    "msd_mae": 38.672454,
    "msd_score": 0.025206,
    "diffusivity_mlip_cm2s": 3.1578006118051915e-05,
    "diffusivity_aimd_cm2s": 2.2067535826699325e-06,
    "diffusivity_relative_error": 13.309711
  }
}