{
  "model": "Allegro",
  "structure": "LGPS_mp-696128",
  "temperature_K": 600,
  "equilibration_ps": 10,
  "production_ps": 50,
  "timestep_fs": 2.0,
  "traj_interval": 50,
  "num_seeds": 3,
  "seeds": [
    42,
    43,
    44
  ],
  "accuracy": {
    "rdf_mae": {
      "Li-Ge": 0.005785,
      "Li-Li": 0.013893,
      "Li-P": 0.012907,
      "Li-S": 0.029657,
      "average": 0.015561
    },
    "rdf_score": {
      "Li-Ge": 0.994249,
      "Li-Li": 0.986297,
      "Li-P": 0.987258,
      "Li-S": 0.971197,
      "average": 0.98475
    },
    "msd_mae": 21.567425,
    "msd_score": 0.044312,
    "diffusivity_mlip_cm2s": 1.7214559983008153e-05,
    "diffusivity_aimd_cm2s": 2.2067535826699325e-06,
    "diffusivity_relative_error": 6.800853
  },
  "timing": {
    "equil_seconds": 366.81,
    "prod_seconds": 1833.34
  }
}